Study Hours per Week,Attendance Rate,Previous Grades,Participation in Extracurricular Activities,Parent Education Level,Actual,Predicted
16.9,73.1,42.9,0,0,1,1
2.0,64.0,79.9,1,1,1,1
12.2,75.3,75.7,1,0,1,1
6.5,64.7,60.8,0,4,0,1
19.4,92.0,85.4,0,4,0,1
7.2,63.6,64.4,0,2,1,1
3.4,94.7,79.2,1,1,0,1
3.0,85.9,93.1,1,1,0,1
6.6,60.4,63.9,0,1,1,1
10.7,61.0,65.2,0,1,1,1
10.0,75.0,67.4,1,1,1,1
7.3,61.9,57.0,0,0,0,1
10.7,82.0,70.5,1,1,1,1
10.3,59.7,36.3,1,3,1,1
13.4,76.0,25.1,1,3,0,1
16.1,81.6,74.6,0,4,0,1
16.7,36.9,65.2,1,3,1,1
13.1,83.4,74.9,1,2,1,1
13.2,66.1,75.6,1,4,0,1
3.2,76.1,63.0,1,2,1,1
10.4,75.8,72.2,1,4,0,1
8.6,112.1,49.2,0,3,0,1
7.3,111.8,85.3,0,4,1,1
6.4,87.8,65.2,0,4,0,1
12.5,49.6,59.4,0,3,1,1
13.1,72.1,40.3,0,2,1,1
13.2,70.0,65.2,0,1,0,1
6.7,99.0,62.0,0,2,1,1
11.6,51.6,63.1,0,4,1,1
8.6,75.4,64.9,0,3,1,1
11.0,95.2,83.3,1,4,0,1
11.7,75.3,66.7,1,3,1,1
14.0,107.1,61.3,1,3,1,1
10.0,98.4,67.0,1,4,0,1
14.0,97.6,84.7,1,4,1,1
20.6,58.6,49.2,1,0,0,1
5.2,70.3,65.2,0,2,1,1
21.4,76.0,65.2,0,3,1,1
11.0,52.3,96.7,0,0,1,1
14.7,56.0,52.3,1,0,1,1
18.3,65.0,71.3,1,4,1,1
12.0,91.4,63.6,0,2,1,1
14.7,55.6,72.5,1,2,1,1
14.1,102.5,56.6,0,0,0,1
4.8,47.1,71.5,0,4,1,1
10.0,80.7,49.2,0,3,0,1
8.0,53.9,65.2,0,1,1,1
7.4,56.8,64.5,0,2,0,1
16.7,63.3,61.0,0,3,0,1
16.5,58.5,51.8,1,1,0,1
19.7,97.3,75.1,1,2,1,1
7.3,77.7,87.7,1,0,0,1
20.6,37.5,71.8,1,1,1,1
9.2,32.5,57.6,0,3,0,1
16.8,72.7,53.7,1,4,0,1
5.6,88.0,72.0,0,2,1,1
12.7,67.9,74.0,1,4,0,1
11.6,65.1,67.6,1,1,1,1
4.1,21.6,99.8,1,2,1,1
7.2,75.2,87.2,1,0,0,1
1.8,75.3,68.9,0,2,0,1
10.4,73.6,54.9,0,4,0,1
8.4,65.8,46.1,0,4,0,1
12.1,131.5,62.8,1,4,0,1
12.7,55.5,73.4,1,2,0,1
4.5,40.2,40.3,0,1,1,1
10.3,96.0,60.1,1,1,1,1
8.3,75.7,49.5,1,0,1,1
12.2,31.0,57.3,1,2,0,1
11.0,68.5,45.7,0,2,0,1
14.8,62.8,74.6,1,4,0,1
7.6,77.8,59.1,1,4,0,1
8.5,99.3,85.8,1,2,1,1
16.3,49.5,74.7,0,1,1,1
7.0,102.3,79.9,1,3,1,1
5.0,95.8,65.2,1,4,0,1
5.5,80.3,87.7,0,4,1,1
9.3,65.3,77.3,1,4,1,1
11.2,85.2,64.2,0,1,1,1
14.9,48.5,74.2,0,3,0,1
21.1,72.4,71.8,0,4,0,1
9.5,77.7,75.2,0,4,1,1
11.4,82.1,78.3,0,0,1,1
-2.4,86.7,69.3,1,0,0,1
13.2,75.3,81.5,0,3,0,1
19.0,69.7,78.2,0,3,1,1
3.7,33.6,73.9,0,4,0,1
14.5,53.3,74.4,0,1,0,1
11.2,96.4,65.8,0,1,1,1
7.8,82.7,85.8,0,2,1,1
9.3,98.3,75.9,1,1,1,1
7.5,80.9,74.7,1,3,0,1
11.3,54.1,67.8,1,3,1,1
6.0,50.9,58.6,0,3,1,1
15.3,43.8,93.8,0,3,1,1
11.5,75.5,37.3,1,0,1,1
15.5,74.9,96.1,0,1,1,1
13.0,75.3,56.7,0,2,0,1
9.2,98.2,60.5,0,4,1,1
15.1,35.0,54.0,1,2,1,1
10.1,67.7,90.9,0,4,1,1
12.7,59.7,51.5,0,3,1,1
11.9,81.1,51.6,1,1,0,1
11.1,65.8,65.2,0,4,1,1
21.0,75.8,57.8,1,1,0,1
7.9,52.1,73.7,1,0,0,1
12.7,74.1,75.9,1,1,0,1
10.0,96.3,77.2,1,0,0,1
20.2,68.4,66.0,0,0,0,1
9.2,96.7,76.5,1,0,0,1
10.0,112.4,56.5,1,4,0,1
11.3,71.0,31.9,0,4,1,1
5.9,61.1,42.1,1,0,0,1
7.1,58.1,58.7,0,4,0,1
8.0,77.1,74.5,0,4,1,1
6.8,77.2,86.6,0,1,1,1
10.4,59.8,59.4,0,2,0,1
11.7,100.4,65.6,0,1,0,1
16.2,52.7,63.7,0,1,1,1
10.0,103.3,46.2,0,3,0,1
10.0,98.9,77.1,0,1,0,1
11.4,59.9,85.7,0,0,1,1
19.1,73.3,85.5,0,4,0,1
9.6,150.0,54.7,1,4,0,1
4.8,78.3,94.5,1,1,1,1
10.0,53.6,59.5,1,3,1,1
7.4,69.4,44.2,0,4,0,1
10.0,59.2,25.3,0,0,1,1
10.0,76.7,96.8,1,3,0,1
10.2,52.1,78.6,1,4,0,1
9.5,92.4,66.0,1,0,0,1
10.2,92.3,48.7,0,1,0,1
5.6,72.1,68.0,1,0,0,1
11.5,80.0,54.9,0,0,0,1
12.6,83.7,81.0,1,4,0,1
11.6,57.0,71.1,0,2,0,1
7.4,63.6,48.5,0,4,0,1
4.6,65.0,70.6,1,1,1,1
15.2,80.0,82.5,1,0,0,1
11.4,75.3,64.2,0,0,0,1
3.8,91.9,76.1,1,1,1,1
7.7,22.3,74.1,1,0,0,1
11.2,77.7,93.2,1,3,0,1
12.2,63.0,80.5,0,4,0,1
12.5,65.7,65.2,0,4,1,1
15.1,61.6,56.5,0,4,1,1
11.0,45.7,47.1,1,1,0,1
6.8,78.4,101.6,1,1,0,1
15.1,67.2,87.8,0,1,0,1
4.4,79.5,79.8,0,2,0,1
7.9,65.9,71.9,1,3,0,1
4.8,76.1,74.1,0,4,1,1
9.8,78.6,46.6,0,1,1,1
23.2,64.8,72.5,1,0,0,1
19.4,75.3,90.6,1,2,0,1
14.1,79.4,69.0,1,0,1,1
3.5,51.2,89.4,0,2,1,1
2.4,110.0,58.1,0,4,0,1
12.5,98.4,55.7,0,1,1,1
6.6,68.8,92.2,0,0,0,1
10.0,41.0,53.2,0,1,1,1
7.2,80.9,88.4,0,1,1,1
10.8,74.6,63.5,1,0,0,1
-2.4,75.3,79.4,0,1,0,1
13.8,77.5,70.6,1,3,0,1
7.5,42.3,76.0,1,4,0,1
14.7,53.5,83.7,1,2,0,1
10.2,63.3,48.4,1,4,1,1
9.7,107.7,63.1,0,2,0,1
15.8,105.7,63.6,1,4,1,1
9.9,67.2,71.1,1,4,1,1
15.1,61.1,99.1,0,4,0,1
3.2,93.7,76.6,0,1,1,1
11.5,40.6,73.8,1,1,1,1
16.2,72.3,60.8,1,0,1,1
14.5,59.5,69.3,0,1,1,1
9.6,45.9,79.5,0,4,1,1
7.1,118.9,82.3,1,1,0,1
5.2,85.9,77.4,1,0,0,1
8.2,65.3,70.0,1,3,0,1
4.0,54.6,83.9,1,2,1,1
7.0,43.1,63.5,0,2,0,1
9.2,87.1,61.1,1,1,0,1
10.2,150.0,70.6,0,1,1,1
18.5,100.9,57.0,0,0,0,1
19.2,123.3,59.1,0,4,0,1
16.7,104.9,62.8,1,2,1,1
7.7,101.3,72.6,1,4,0,1
10.7,77.3,73.8,0,4,1,1
15.2,57.8,59.4,1,0,1,1
10.7,69.0,38.0,0,0,0,1
-0.6,52.1,50.2,1,1,0,1
10.0,63.5,83.6,1,2,1,1
10.0,47.2,50.5,0,4,1,1
4.4,76.5,64.6,1,1,0,1
7.0,64.3,65.0,0,2,1,1
13.7,60.7,65.7,0,2,1,1
6.9,62.4,52.7,0,0,0,1
3.0,47.9,64.1,0,0,1,1
3.3,114.9,65.2,0,3,1,1
0.8,62.5,68.9,1,2,0,1
5.0,104.3,92.8,1,1,0,1
8.7,75.3,62.5,1,2,1,1
10.0,75.3,71.4,1,3,1,1
10.8,31.4,79.5,0,2,0,1
8.5,97.0,38.4,0,0,0,1
15.4,84.5,81.5,1,4,0,1
15.3,63.4,65.5,0,0,0,1
17.2,75.3,80.6,0,2,0,1
6.9,88.9,67.6,1,3,1,1
8.9,89.1,51.4,1,2,0,1
7.2,86.5,41.8,0,1,1,1
20.4,84.8,65.2,0,2,1,1
14.8,94.6,60.4,1,4,1,1
19.4,87.7,68.5,0,4,1,1
22.6,71.1,50.8,1,0,0,1
11.4,49.8,60.9,1,4,0,1
4.6,43.4,64.7,0,3,0,1
2.7,75.3,69.9,1,3,1,1
11.0,105.7,48.8,1,0,1,1
4.7,68.8,75.4,1,2,0,1
11.2,75.3,94.4,1,2,1,1
12.1,78.0,67.3,0,0,1,1
17.3,60.2,66.5,0,0,1,1
5.7,74.2,49.0,1,3,0,1
8.6,73.0,69.6,1,0,0,1
14.4,75.3,63.2,0,0,0,1
6.9,85.4,32.8,0,2,0,1
13.4,46.6,84.8,0,4,0,1
7.9,69.9,69.5,0,1,0,1
8.7,66.3,76.6,0,4,0,1
13.9,64.6,78.4,1,1,1,1
6.2,101.2,61.3,1,0,1,1
12.3,92.3,72.8,1,4,0,1
18.9,66.1,83.7,0,3,0,1
12.4,77.8,46.2,1,4,1,1
8.9,92.1,93.3,0,3,1,1
9.9,74.0,52.9,0,3,1,1
2.5,71.3,60.1,1,4,1,1
3.6,73.8,66.3,0,4,1,1
2.9,62.8,76.1,0,3,0,1
10.0,63.1,48.4,0,2,0,1
6.8,82.6,65.2,1,3,1,1
7.5,75.3,77.5,0,2,0,1
11.1,89.8,60.2,1,0,0,1
2.8,69.6,70.3,1,1,1,1
8.5,72.0,58.8,0,2,1,1
10.2,75.3,65.8,0,3,1,1
10.1,63.1,78.2,1,2,0,1
12.2,56.7,50.7,1,3,1,1
7.5,74.0,84.6,0,1,1,1
17.7,91.4,68.2,0,2,1,1
1.2,63.0,73.7,0,4,0,1
6.2,68.8,50.1,0,0,0,1
6.5,63.5,69.7,1,2,1,1
10.0,75.3,61.8,0,3,1,1
14.9,95.0,93.3,1,0,1,1
8.1,97.8,77.5,0,3,1,1
3.4,67.6,95.3,0,2,1,1
8.8,104.3,65.2,0,0,0,1
8.7,69.1,46.9,1,1,1,1
10.1,78.0,50.6,0,3,1,1
10.0,88.8,65.2,1,0,0,1
10.9,75.3,64.7,1,1,0,1
0.7,60.2,42.3,0,4,0,1
9.3,76.1,63.7,0,3,0,1
21.4,59.7,52.6,1,0,0,1
9.8,57.3,64.9,1,4,0,1
14.4,77.6,69.8,0,0,1,1
7.9,59.1,81.2,0,2,0,1
10.5,76.8,75.2,0,4,1,1
12.5,70.8,44.3,1,2,0,1
9.4,85.1,39.9,1,4,1,1
6.6,54.8,59.4,0,4,1,1
7.1,110.4,50.0,1,3,1,1
14.7,92.6,88.5,1,1,1,1
20.5,56.2,63.7,0,3,0,1
11.8,82.6,76.3,1,3,0,1
13.0,77.6,71.0,1,1,0,1
10.0,52.9,65.2,1,0,1,1
7.6,103.2,47.2,1,0,0,1
20.1,79.0,61.1,0,1,0,1
19.2,92.1,86.9,1,1,0,1
8.8,36.8,58.8,1,4,0,1
6.4,60.0,95.1,1,1,1,1
0.8,110.9,73.1,1,1,1,1
17.6,75.3,70.3,0,3,0,1
14.7,82.5,59.8,0,1,1,1
7.7,111.9,60.3,0,1,1,1
17.9,66.5,47.9,1,4,1,1
7.2,89.4,45.6,0,3,1,1
10.9,54.5,69.2,0,1,1,1
14.4,41.5,36.6,1,4,0,1
7.3,81.6,67.6,1,4,1,1
15.9,83.3,85.4,0,0,1,1
8.2,76.3,50.6,1,4,1,1
7.1,45.4,80.3,0,4,0,1
17.3,77.6,60.3,1,3,0,1
15.9,51.7,69.1,1,2,1,1
9.8,76.5,68.2,0,0,1,1
14.1,60.1,57.4,0,3,0,1
7.3,64.0,65.2,1,2,0,1
10.0,92.7,60.1,1,1,0,1
13.5,70.4,74.1,1,4,0,1
14.6,57.2,72.0,1,1,1,1
11.8,77.7,51.6,0,2,0,1
3.7,81.3,64.1,1,4,0,1
-3.9,92.2,68.0,1,1,0,1
26.9,82.8,83.4,0,4,1,1
8.7,87.3,46.9,0,3,0,1
9.5,58.9,60.0,0,2,0,1
11.3,44.5,80.9,0,0,1,1
9.6,37.6,58.2,1,4,1,1
7.1,90.7,61.4,1,2,0,1
2.3,99.5,70.5,1,3,1,1
8.3,61.1,91.6,0,3,1,1
15.3,75.3,55.0,0,4,1,1
11.8,114.2,69.9,0,1,0,1
2.6,96.4,58.2,0,3,1,1
10.0,76.3,82.7,1,4,1,1
10.0,88.5,61.7,1,2,1,1
6.1,79.9,33.8,0,0,0,1
13.8,100.9,60.6,0,2,1,1
4.1,75.3,32.4,0,3,0,1
7.7,65.6,69.9,1,1,1,1
12.6,75.4,104.1,0,4,1,1
8.7,79.8,69.5,0,4,0,1
7.6,75.3,75.9,0,2,0,1
4.9,69.1,65.1,0,4,0,1
13.4,60.5,54.6,0,4,0,1
10.0,72.1,54.3,0,4,1,1
9.1,83.3,64.6,1,1,1,1
7.8,64.1,84.1,1,1,1,1
15.9,102.3,53.1,0,4,1,1
14.8,51.8,65.2,1,2,0,1
16.3,75.0,56.6,1,2,0,1
14.5,113.4,75.9,1,3,0,1
11.9,70.5,56.9,1,0,0,1
6.7,88.9,69.7,0,0,1,1
6.3,50.3,75.3,0,2,1,1
10.0,56.8,48.0,1,1,0,1
12.0,84.8,60.6,1,2,1,1
8.0,71.6,55.8,0,0,0,1
6.7,93.0,69.9,1,1,0,1
12.1,114.0,72.2,1,4,1,1
-1.0,49.8,50.5,0,3,0,1
4.4,61.4,65.2,0,4,1,1
10.0,145.7,47.1,1,2,0,1
9.7,89.5,69.2,0,2,0,1
7.4,39.6,80.1,0,0,0,1
9.1,100.5,62.5,0,2,0,1
15.2,93.5,92.7,1,0,1,1
8.2,97.8,38.1,1,0,1,1
12.8,91.7,57.3,1,1,1,1
5.4,82.1,65.2,1,4,1,1
11.7,59.4,42.6,1,2,1,1
18.3,73.7,89.7,0,3,0,1
3.4,56.8,97.7,0,2,0,1
16.0,86.5,38.3,1,0,0,1
11.2,85.8,74.1,0,1,1,1
10.0,60.8,38.4,0,1,0,1
14.8,67.8,45.8,1,1,0,1
14.2,96.9,42.0,1,2,0,1
6.5,104.9,80.0,1,3,0,1
21.2,127.1,52.8,1,4,1,1
5.5,71.4,58.3,0,3,1,1
8.4,96.4,91.4,0,0,1,1
15.5,120.7,56.3,0,1,0,1
11.8,82.9,64.1,0,1,1,1
13.6,67.4,72.2,1,0,0,1
13.1,42.6,75.2,1,0,0,1
20.2,86.5,76.1,1,0,0,1
5.8,63.0,86.3,1,2,0,1
18.7,49.8,52.5,0,1,0,1
9.9,81.7,62.4,1,4,1,1
12.7,59.0,71.7,1,2,1,1
11.6,55.0,90.6,0,4,1,1
11.0,75.0,72.9,1,3,0,1
16.8,50.5,36.4,0,1,1,1
9.6,92.5,30.9,0,3,0,1
5.9,95.5,62.0,0,0,1,1
12.6,43.5,78.2,0,0,0,1
8.6,89.5,42.5,0,3,1,1
15.8,85.3,63.8,1,0,0,1
6.3,82.4,57.1,0,4,0,1
15.8,66.3,90.1,0,1,0,1
11.5,37.1,60.8,0,1,1,1
4.8,108.2,65.2,0,3,1,1
6.3,75.6,73.6,1,1,1,1
10.0,93.3,91.0,0,4,1,1
11.1,83.0,75.9,1,1,1,1
2.4,47.8,67.9,0,4,1,1
11.1,101.3,83.7,1,2,1,1
12.5,70.6,50.7,0,0,1,1
12.3,99.1,75.8,0,0,1,1
12.5,104.1,73.1,1,4,1,1
6.1,75.3,87.0,0,1,0,1
3.8,73.7,78.2,1,4,1,1
15.1,55.5,45.6,1,1,0,1
7.1,94.8,65.0,1,0,1,1
17.0,59.1,65.2,1,1,1,1
1.6,86.3,34.0,0,3,1,1
10.7,75.3,72.0,0,1,1,1
15.5,69.3,71.1,0,4,0,1
10.2,75.6,65.2,0,1,0,1
16.4,98.8,85.0,0,4,1,1
9.0,62.6,70.2,0,4,0,1
2.6,70.7,71.5,0,4,0,1
9.1,67.4,38.9,0,0,1,1
8.7,59.7,72.0,1,4,0,1
-0.5,93.2,58.7,0,2,1,1
7.3,63.9,56.7,0,2,0,1
2.3,38.8,53.3,0,4,0,1
19.5,76.5,53.6,0,4,0,1
21.0,73.7,68.1,0,4,1,1
5.9,50.0,50.9,1,1,0,1
-1.0,75.6,51.9,0,3,0,1
16.7,119.2,51.0,0,4,0,1
16.4,76.1,57.1,1,2,1,1
9.5,79.6,50.4,0,4,0,1
2.5,58.2,64.0,0,2,0,1
20.1,69.8,57.6,0,1,1,1
9.9,71.6,39.9,0,2,1,1
1.7,54.9,56.0,0,3,0,1
7.0,95.5,49.5,1,3,0,1
10.0,120.7,100.2,1,3,0,1
12.8,86.2,93.7,0,2,1,1
12.4,74.2,81.9,1,3,1,1
19.6,90.1,57.3,1,0,1,1
12.5,64.8,87.4,0,3,0,1
18.5,106.2,68.7,0,3,1,1
8.8,45.6,49.0,0,2,0,1
8.8,83.3,49.6,0,4,1,1
7.6,73.8,53.3,0,2,0,1
14.9,60.9,82.1,1,0,1,1
13.5,90.6,74.3,0,4,0,1
6.5,103.4,59.4,1,2,0,1
8.5,82.9,69.6,1,1,0,1
8.5,79.4,73.0,0,3,1,1
13.0,71.1,82.2,0,3,0,1
8.3,46.1,62.7,0,4,1,1
9.2,71.0,68.7,0,0,0,1
2.3,119.1,55.1,1,1,1,1
2.2,45.4,75.9,1,0,0,1
12.1,91.3,72.8,1,1,1,1
6.8,83.4,93.9,0,1,0,1
1.5,82.1,78.3,0,0,1,1
14.3,77.0,24.1,0,0,1,1
18.2,72.6,71.8,0,0,1,1
6.4,107.6,56.5,0,3,1,1
11.8,67.6,84.3,1,4,0,1
15.7,53.3,66.1,1,3,1,1
12.2,70.1,69.1,0,3,1,1
13.7,72.6,65.2,0,2,1,1
12.7,99.1,65.2,1,3,0,1
1.1,85.0,31.9,0,4,0,1
14.8,113.8,45.3,0,3,0,1
1.2,79.9,51.3,1,4,0,1
12.4,87.0,77.4,1,1,1,1
14.8,75.3,65.2,1,3,0,1
16.7,86.0,74.7,1,1,0,1
11.0,100.0,74.5,1,1,0,1
12.9,90.1,60.5,1,1,0,1
17.2,93.7,92.0,1,0,0,1
9.9,88.0,71.3,1,0,1,1
8.5,54.3,200.0,1,0,0,1
4.6,45.7,38.1,0,1,1,1
8.5,73.1,75.7,0,3,1,1
8.4,55.7,42.4,1,2,0,1
-1.9,103.0,64.1,1,0,1,1
7.1,89.6,62.3,0,2,0,1
11.3,73.8,87.6,0,3,0,1
8.8,91.5,76.8,1,1,1,1
6.5,104.5,59.2,0,2,1,1
9.5,150.0,70.4,1,0,1,1
3.7,70.1,68.8,1,2,1,1
10.8,46.3,73.5,1,2,0,1
10.0,79.9,63.4,0,1,1,1
8.9,126.0,60.0,0,0,0,1
14.8,53.2,95.8,0,4,1,1
-2.9,77.6,43.4,0,1,1,1
14.7,59.0,87.5,0,0,0,1
11.9,78.7,76.3,0,1,0,1
12.1,66.4,47.5,0,3,0,1
7.1,82.2,48.6,0,3,1,1
13.6,65.5,57.8,0,4,0,1
14.7,82.2,61.4,0,3,1,1
20.2,46.8,47.4,1,2,1,1
12.7,84.4,70.4,1,4,1,1
6.1,77.5,77.6,1,2,1,1
19.0,53.3,86.3,1,1,0,1
2.0,85.7,35.7,1,4,1,1
14.9,111.5,115.6,1,3,1,1
8.4,96.1,67.2,1,0,1,1
8.2,59.5,91.4,1,1,1,1
10.3,80.0,102.1,1,1,1,1
10.0,57.1,80.0,0,2,0,1
12.8,61.8,89.5,0,2,0,1
4.6,67.0,81.8,1,3,1,1
5.6,90.8,65.2,0,2,0,1
14.5,75.3,65.4,0,2,0,1
13.3,50.4,52.9,1,1,0,1
8.9,76.2,37.9,1,1,0,1
11.3,62.6,78.5,1,0,1,1
7.3,68.6,34.4,0,4,1,1
10.0,60.9,59.4,0,4,0,1
11.3,73.5,59.7,1,3,0,1
12.4,82.4,64.9,0,4,0,1
16.4,64.9,30.5,0,1,1,1
5.4,89.4,85.9,1,1,1,1
15.4,56.0,64.7,0,1,1,1
1.7,80.5,37.7,1,0,1,1
9.0,75.3,61.0,1,2,1,1
11.5,123.6,55.5,0,1,1,1
16.1,92.1,67.2,0,1,1,1
5.1,73.1,46.6,0,1,0,1
10.7,102.5,72.8,1,2,1,1
9.3,93.3,62.5,1,1,1,1
7.9,101.0,59.1,0,3,1,1
9.6,49.9,65.2,0,3,1,1
6.2,59.0,58.8,1,4,0,1
4.0,41.2,61.9,0,0,0,1
5.5,91.1,78.6,1,2,1,1
6.5,58.7,93.2,1,3,0,1
16.9,93.2,60.2,0,3,1,1
13.7,49.4,86.0,1,1,1,1
11.7,97.2,35.8,1,0,0,1
28.0,78.7,80.2,1,2,0,1
10.4,79.5,65.2,1,0,1,1
7.6,75.3,42.8,0,1,1,1
14.9,61.2,55.8,0,2,0,1
11.9,79.9,73.5,0,0,0,1
8.0,107.9,68.2,1,0,0,1
10.9,97.1,42.9,0,3,1,1
9.3,93.3,84.5,0,4,1,1
12.4,70.2,57.6,1,2,0,1
8.5,49.9,99.2,0,2,0,1
-3.4,76.9,47.3,1,2,0,1
4.0,71.0,58.1,0,3,0,1
0.6,84.3,64.8,1,1,1,1
9.2,94.7,62.3,1,3,0,1
12.6,75.2,68.1,1,0,1,1
-1.1,60.1,90.6,1,1,0,1
6.5,64.3,70.0,0,1,1,1
9.1,58.3,55.7,1,2,0,1
1.2,71.0,70.6,1,1,0,1
3.4,68.2,72.1,1,4,0,1
12.9,75.3,69.7,1,3,1,1
10.0,75.5,85.2,0,4,1,1
8.4,75.3,57.9,1,1,0,1
18.3,57.8,52.4,0,4,1,1
16.0,86.2,49.6,0,3,0,1
5.0,96.5,68.2,1,3,0,1
9.6,101.9,58.3,1,3,0,1
9.1,86.8,78.3,0,2,1,1
8.7,90.0,79.3,1,2,0,1
2.4,60.9,51.2,1,3,0,1
18.2,106.1,53.2,1,2,1,1
15.2,81.4,84.4,1,3,1,1
6.4,92.3,69.9,0,2,1,1
17.4,75.3,38.4,0,4,0,1
14.3,99.8,55.9,0,0,0,1
8.2,91.7,71.4,0,2,0,1
3.4,139.6,89.3,1,3,1,1
11.7,34.6,97.0,1,4,1,1
4.8,80.4,99.0,0,4,1,1
8.9,56.9,65.2,0,4,1,1
1.1,83.9,51.3,1,0,1,1
12.7,72.0,98.0,1,4,0,1
15.1,87.3,57.1,0,0,1,1
10.0,69.2,62.7,1,1,1,1
4.9,102.2,77.2,1,4,1,1
14.9,68.2,55.2,0,0,1,1
11.5,95.4,69.4,1,2,1,1
10.2,69.5,72.3,1,0,1,1
11.1,116.8,65.1,0,2,1,1
13.9,91.9,69.3,0,0,0,1
8.6,40.0,69.4,1,0,0,1
10.9,88.9,69.3,1,0,0,1
12.1,100.1,69.0,0,1,1,1
15.3,102.4,79.7,0,2,1,1
13.4,41.4,65.2,1,1,1,1
13.0,100.9,65.2,0,1,1,1
6.1,63.2,76.0,0,4,0,1
14.1,61.0,87.3,0,4,0,1
10.4,105.2,66.9,1,1,0,1
5.3,83.2,90.0,0,1,0,1
16.0,58.0,71.4,0,4,1,1
12.3,86.6,65.2,0,3,0,1
11.2,94.5,65.2,0,3,0,1
1.5,80.7,86.1,1,4,1,1
5.5,61.6,61.1,0,1,0,1
3.5,96.0,68.7,0,1,1,1
-1.2,50.0,53.4,0,2,1,1
13.9,95.0,65.7,1,1,0,1
10.3,58.1,97.2,0,3,1,1
6.2,48.8,63.7,0,1,1,1
6.8,49.5,48.2,0,2,0,1
11.2,107.5,56.3,0,0,0,1
12.2,93.6,65.2,1,4,1,1
17.3,68.4,74.7,1,3,1,1
7.4,55.6,49.2,0,0,0,1
10.0,73.4,57.1,0,4,1,1
14.8,52.4,73.2,0,4,0,1
4.1,89.4,74.2,0,4,1,1
7.1,72.0,76.0,1,2,0,1
2.5,80.5,50.5,0,2,0,1
19.9,70.5,49.2,0,1,0,1
9.6,74.7,83.2,0,2,1,1
6.0,72.0,68.7,0,3,1,1
15.0,131.7,71.9,1,1,0,1
10.1,125.4,61.2,1,1,1,1
9.7,77.3,67.2,0,3,1,1
9.8,78.2,51.9,1,2,1,1
10.4,90.9,74.1,0,2,1,1
9.5,73.4,50.2,1,4,1,1
0.5,97.9,49.7,1,3,1,1
7.4,115.9,89.0,0,0,0,1
11.5,74.7,63.8,0,0,1,1
8.6,91.5,80.9,1,1,1,1
16.1,104.1,79.1,1,3,1,1
8.2,51.4,65.4,1,4,0,1
8.8,54.9,65.9,1,0,0,1
12.5,73.5,50.2,0,4,0,1
10.0,55.4,45.3,1,0,0,1
9.5,95.7,92.6,1,2,0,1
11.1,40.3,73.5,0,3,1,1
14.5,82.7,65.9,1,4,0,1
7.6,81.8,53.5,0,4,1,1
4.7,75.3,67.8,0,2,1,1
5.9,77.1,55.5,0,1,1,1
2.6,83.0,78.0,0,2,1,1
23.0,56.6,49.5,0,1,0,1
-0.1,78.8,70.5,1,3,1,1
9.4,68.9,51.5,1,2,1,1
5.1,40.8,66.7,1,0,1,1
6.9,93.6,72.3,0,1,0,1
19.7,71.3,63.9,0,1,0,1
12.5,62.5,61.6,0,4,0,1
8.5,38.3,66.8,0,0,0,1
3.5,68.6,70.9,0,0,0,1
2.6,87.6,62.4,1,0,1,1
5.2,58.3,70.8,1,2,0,1
6.9,79.5,73.1,0,0,0,1
17.1,98.5,74.4,1,4,1,1
15.2,82.7,77.6,0,0,1,1
5.9,83.5,66.8,1,2,0,1
2.6,77.7,67.5,1,2,1,1
10.0,88.9,65.2,0,3,1,1
5.9,44.1,58.9,1,1,1,1
3.4,73.9,68.4,1,0,1,1
10.0,83.1,61.8,0,2,0,1
19.5,83.0,57.3,0,2,0,1
6.4,92.2,34.1,0,2,1,1
8.0,75.3,70.6,0,2,1,1
5.2,44.8,41.0,0,4,0,1
5.7,50.6,50.7,0,3,1,1
12.8,111.3,95.7,0,2,0,1
13.8,15.9,55.4,1,4,0,1
11.4,42.0,53.6,0,3,0,1
6.7,40.5,55.4,0,2,0,1
17.1,110.5,74.4,0,3,0,1
9.7,88.1,71.0,0,0,1,1
13.4,93.1,53.3,0,4,0,1
11.2,62.6,85.6,0,0,0,1
-6.2,98.7,26.2,1,3,1,1
8.8,93.3,68.2,1,2,1,1
10.0,80.7,76.1,0,1,0,1
11.0,81.9,69.7,0,0,1,1
10.0,92.2,65.6,0,0,0,1
-4.2,57.0,33.3,0,4,0,1
16.0,103.2,59.4,1,3,0,1
16.7,26.8,67.3,0,0,1,1
18.3,47.4,56.6,0,1,1,1
16.3,79.3,53.5,0,0,0,1
10.3,110.8,56.1,0,3,1,1
10.3,59.5,51.1,1,1,0,1
13.2,71.0,62.3,1,3,0,1
8.9,94.2,54.6,1,1,0,1
10.3,45.7,65.2,1,1,0,1
11.7,34.7,76.5,0,0,1,1
4.9,94.8,58.3,0,1,0,1
9.1,86.2,53.5,1,4,1,1
6.7,50.2,51.9,0,4,0,1
10.6,97.9,63.7,1,1,1,1
7.8,37.5,99.7,1,0,0,1
9.8,75.3,66.5,0,3,0,1
12.8,98.0,95.3,0,1,0,1
16.2,104.7,65.6,1,2,1,1
16.2,100.9,65.1,1,2,0,1
3.7,63.1,66.4,0,1,1,1
12.8,105.5,75.6,0,1,0,1
5.8,82.6,49.5,0,4,1,1
7.3,82.1,69.7,0,2,0,1
6.3,82.7,49.2,0,1,1,1
7.4,75.3,64.9,0,0,0,1
8.5,72.9,87.9,0,0,1,1
-1.3,62.7,58.4,1,2,0,1
6.5,79.8,55.3,0,4,1,1
0.4,26.3,60.3,0,3,0,1
9.6,64.6,57.5,1,0,1,1
6.1,71.5,104.0,0,3,1,1
5.9,79.3,89.0,1,3,0,1
9.8,68.8,30.0,0,2,0,1
-1.1,53.8,47.1,1,2,1,1
9.4,75.3,71.4,0,3,0,1
4.4,56.3,99.2,0,4,0,1
9.7,118.9,81.6,1,3,1,1
10.0,63.8,68.9,1,3,0,1
-0.7,75.3,75.7,1,3,1,1
11.1,77.6,52.7,1,3,1,1
5.9,92.3,57.0,0,1,0,1
3.3,89.4,56.8,0,1,0,1
11.4,95.9,87.4,1,1,1,1
11.3,62.8,91.0,0,0,1,1
15.0,56.6,50.8,0,0,1,1
12.5,112.0,65.2,0,1,1,1
15.9,75.2,62.9,1,0,1,1
10.0,52.3,58.6,0,2,1,1
12.1,72.3,81.9,0,3,1,1
10.0,81.8,72.9,0,2,1,1
20.0,112.5,60.2,1,1,1,1
13.4,120.9,74.0,0,3,1,1
15.2,84.4,84.1,1,2,1,1
15.3,72.2,23.0,1,0,0,1
3.2,58.3,94.4,1,3,0,1
14.0,116.3,74.7,0,2,0,1
13.6,58.1,27.4,1,1,1,1
18.0,74.3,59.3,0,1,1,1
15.0,101.1,81.4,1,4,0,1
10.4,96.4,44.6,0,4,0,1
18.7,41.2,56.8,0,0,0,1
8.5,85.1,69.9,0,0,1,1
7.6,25.1,65.2,0,0,1,1
15.2,59.9,40.1,1,1,0,1
0.8,54.1,67.0,1,2,1,1
8.7,81.6,59.6,0,1,1,1
11.5,86.2,65.7,0,0,1,1
9.0,39.7,42.3,1,1,0,1
10.8,86.7,67.7,0,1,0,1
14.5,111.0,63.7,1,1,0,1
2.1,80.7,55.6,0,3,1,1
18.0,78.7,55.9,1,2,1,1
18.5,70.4,76.5,0,4,1,1
5.6,66.7,66.1,0,1,0,1
10.4,42.6,62.7,1,4,0,1
6.6,72.9,39.6,0,3,1,1
7.1,45.6,61.5,1,3,0,1
6.9,50.8,74.6,0,0,0,1
5.6,61.9,37.7,0,1,0,1
19.2,50.5,72.2,0,0,0,1
6.2,77.8,96.8,1,4,1,1
10.0,70.0,63.8,0,0,0,1
5.0,94.6,72.3,1,1,1,1
18.5,77.5,52.5,0,0,1,1
0.1,101.7,78.4,0,3,1,1
10.0,72.0,54.2,1,4,0,1
1.3,77.4,41.5,1,0,1,1
5.2,100.9,62.4,1,1,1,1
12.3,114.7,42.7,1,0,0,1
12.3,31.3,85.4,0,0,0,1
8.9,104.3,62.1,1,0,1,1
3.2,70.5,63.2,0,2,0,1
10.0,63.2,75.8,0,2,1,1
13.6,36.3,82.5,1,1,1,1
20.6,90.0,56.1,1,3,0,1
10.7,72.1,81.5,0,1,0,1
12.1,107.3,82.9,1,3,1,1
8.4,81.0,66.8,1,1,1,1
19.1,102.9,89.5,0,1,1,1
9.6,83.9,68.0,1,2,1,1
5.4,78.5,44.4,0,3,0,1
11.5,52.9,53.3,1,4,1,1
15.6,76.3,65.2,1,1,1,1
10.0,93.5,76.5,0,2,0,1
6.6,103.2,77.5,0,0,0,1
3.9,50.4,63.0,0,3,1,1
10.0,75.3,42.1,1,3,1,1
6.7,78.2,44.8,1,2,1,1
9.4,106.2,67.2,0,3,0,1
0.9,67.7,50.7,1,3,0,1
14.2,113.9,28.5,1,2,1,1
14.1,66.6,67.0,1,2,1,1
15.2,63.3,70.7,0,1,0,1
10.0,96.8,55.8,1,2,0,1
9.2,91.9,71.1,1,2,0,1
7.2,75.6,50.5,1,3,1,1
9.7,66.6,62.6,0,2,1,1
10.0,40.4,95.6,0,2,1,1
8.2,45.3,45.8,0,0,0,1
13.0,69.1,62.3,1,4,1,1
18.7,119.0,73.5,0,3,1,1
10.7,81.9,45.4,1,2,1,1
9.6,75.3,52.2,1,4,0,1
8.6,42.4,59.0,1,3,1,1
4.5,89.0,65.2,1,3,0,1
13.6,99.0,86.1,1,3,0,1
5.2,80.1,68.4,0,3,1,1
6.9,77.1,64.6,0,4,1,1
10.0,89.3,73.9,1,4,1,1
2.4,64.6,69.0,0,1,1,1
11.3,81.9,61.6,0,4,1,1
10.0,88.1,65.2,1,2,0,1
4.7,69.1,50.5,1,2,0,1
10.0,28.7,61.2,0,4,1,1
10.0,61.3,47.3,0,4,1,1
10.0,75.3,48.0,0,1,0,1
16.1,46.3,43.1,0,1,1,1
11.3,98.9,76.7,1,4,1,1
10.2,41.8,68.8,1,0,1,1
10.0,44.4,63.8,1,4,1,1
18.4,92.1,80.2,1,2,1,1
15.2,45.9,84.0,0,3,0,1
7.7,41.7,71.6,1,3,1,1
17.8,81.0,45.4,1,1,1,1
14.3,55.9,65.2,1,3,0,1
10.3,91.4,67.6,0,1,0,1
11.9,69.9,63.6,1,1,0,1
20.5,79.4,62.7,1,2,0,1
4.1,67.6,73.9,1,0,0,1
17.8,96.0,87.3,0,0,0,1
10.6,68.2,57.7,0,4,1,1
8.4,86.3,38.4,0,2,0,1
8.5,58.2,67.9,1,1,0,1
5.9,84.7,54.5,0,1,0,1
16.1,59.0,55.2,0,1,0,1
9.0,77.8,55.3,1,1,1,1
9.1,86.5,67.8,0,1,0,1
7.5,76.2,65.2,1,4,1,1
11.5,89.0,53.8,0,3,1,1
8.2,92.1,67.1,1,2,0,1
14.1,50.1,62.0,0,0,1,1
11.0,75.9,41.4,1,0,0,1
15.2,76.2,72.3,1,2,0,1
18.7,48.4,51.5,1,1,1,1
6.2,78.8,62.5,0,0,0,1
13.4,106.6,58.2,0,4,1,1
13.2,93.4,46.0,0,3,1,1
-1.0,53.9,56.7,1,0,1,1
10.0,51.0,63.4,0,0,1,1
1.4,46.7,37.0,1,3,0,1
2.7,55.3,77.0,0,2,0,1
10.0,73.6,71.1,0,2,1,1
13.4,62.4,71.1,0,0,1,1
12.4,46.5,71.6,0,0,1,1
6.3,33.2,47.2,1,3,1,1
12.5,72.9,73.6,0,2,0,1
12.6,63.8,65.1,1,3,1,1
7.1,54.1,50.0,1,2,1,1
-0.8,59.9,111.1,0,1,1,1
8.8,59.9,56.5,0,1,0,1
5.7,75.3,77.7,0,4,0,1
3.6,150.0,65.3,1,1,0,1
12.0,54.8,61.9,1,0,0,1
10.0,75.3,62.9,1,2,1,1
16.8,98.3,54.0,0,3,1,1
10.4,58.4,63.0,1,0,0,1
11.2,89.0,48.0,1,1,1,1
17.9,64.1,83.9,0,4,1,1
1.7,83.5,68.9,0,3,1,1
3.9,62.4,55.8,0,3,0,1
4.3,99.8,84.7,0,1,1,1
6.3,65.3,55.6,0,4,0,1
5.3,103.8,81.5,0,2,1,1
9.0,69.5,72.3,1,2,1,1
15.7,76.0,33.7,0,2,0,1
10.3,67.2,74.8,0,1,0,1
12.1,58.3,91.1,0,2,1,1
11.3,76.0,31.3,0,1,0,1
10.6,80.3,77.8,1,1,1,1
11.9,84.8,66.5,1,1,0,1
3.0,80.9,64.1,1,0,1,1
19.9,47.7,64.2,1,3,0,1
10.0,104.7,73.3,0,0,1,1
9.8,72.0,76.2,0,4,1,1
10.2,81.9,69.6,0,0,0,1
7.8,79.7,75.5,0,2,1,1
8.8,53.8,76.5,0,4,1,1
1.8,122.8,65.2,0,1,1,1
21.0,50.6,74.4,0,1,0,1
4.9,85.2,68.2,0,2,1,1
14.0,85.9,67.9,0,0,1,1
10.0,100.7,76.0,0,2,0,1
18.2,58.6,53.1,1,4,0,1
12.5,90.2,39.4,1,2,1,1
9.3,84.2,76.6,0,3,0,1
8.0,29.9,82.1,0,1,1,1
8.1,78.0,65.2,0,4,1,1
5.5,78.4,65.6,0,1,0,1
10.1,87.0,65.9,0,2,0,1
0.9,69.2,70.9,0,4,1,1
5.6,50.9,72.7,1,2,1,1
7.8,108.4,65.2,1,1,1,1
7.9,96.9,72.8,1,2,1,1
0.2,63.5,65.2,0,4,0,1
3.1,126.1,24.4,1,2,1,1
23.6,75.9,71.0,1,0,0,1
7.9,106.0,67.8,1,0,0,1
6.6,56.4,60.0,1,0,0,1
10.0,69.0,71.9,0,1,1,1
10.0,64.5,64.4,1,1,1,1
7.4,75.3,29.2,0,2,1,1
15.7,107.1,65.2,0,4,1,1
9.9,91.2,86.8,1,3,1,1
16.4,81.2,55.9,0,1,1,1
12.7,57.1,77.4,0,0,1,1
11.9,49.4,72.5,1,2,0,1
2.5,47.7,38.9,0,2,0,1
8.7,109.2,62.9,0,3,1,1
7.0,55.0,76.8,0,1,0,1
15.4,76.4,56.3,1,2,0,1
3.1,84.5,55.5,1,3,0,1
13.5,65.5,79.3,1,4,1,1
13.3,75.7,45.7,0,3,1,1
10.2,121.4,96.1,1,1,1,1
16.2,60.1,47.0,1,1,1,1
9.9,81.5,37.6,0,0,0,1
13.6,78.7,62.7,1,2,1,1
7.4,36.2,78.0,1,4,1,1
14.0,87.1,53.8,0,0,1,1
7.5,76.0,65.2,1,4,1,1
10.4,73.1,72.5,0,1,1,1
13.4,68.0,86.2,0,0,0,1
10.0,65.9,60.3,0,4,0,1
8.7,78.3,78.5,1,1,1,1
8.0,75.6,67.2,1,1,1,1
12.8,89.0,59.4,0,2,0,1
2.4,72.2,70.9,1,4,1,1
13.0,73.9,66.9,1,2,0,1
1.9,91.5,87.2,0,4,1,1
8.8,79.5,93.3,1,3,1,1
13.2,62.3,88.2,1,1,1,1
5.6,47.2,59.7,0,1,0,1
12.7,79.3,66.4,0,3,1,1
11.8,74.9,71.4,0,4,1,1
11.9,75.3,61.0,1,0,0,1
7.8,78.1,68.5,0,1,0,1
9.3,75.3,59.7,1,0,1,1
17.8,64.9,55.8,1,1,1,1
7.5,57.5,70.7,0,1,1,1
9.2,87.3,42.1,1,3,0,1
15.9,112.9,101.0,0,3,1,1
7.8,75.3,31.7,1,1,0,1
9.5,96.5,65.2,1,0,0,1
5.5,63.6,63.6,0,1,0,1
16.2,69.4,103.0,1,4,1,1
8.2,63.8,76.3,1,3,1,1
7.6,88.6,94.1,1,2,0,1
6.9,84.3,65.8,0,0,1,1
8.9,105.5,59.4,1,4,1,1
13.1,53.1,56.3,1,1,1,1
10.0,97.8,68.5,0,3,0,1
-0.2,77.1,44.0,0,3,0,1
9.9,37.9,89.3,0,3,0,1
4.8,91.5,67.8,1,0,0,1
11.0,88.0,40.7,1,0,0,1
10.0,85.2,73.5,0,3,0,1
2.3,75.6,70.3,0,2,1,1
15.0,86.3,41.4,0,4,0,1
11.2,72.0,90.3,0,2,0,1
7.6,56.5,66.4,1,4,0,1
9.7,87.7,96.1,0,4,1,1
-0.3,75.2,39.4,0,1,0,1
7.2,92.8,91.0,0,4,0,1
10.0,91.1,75.0,0,2,0,1
5.4,62.0,53.9,1,0,0,1
10.5,39.6,65.0,1,4,1,1
6.5,89.0,59.6,0,1,1,1
5.3,66.5,65.2,0,0,0,1
8.3,42.7,95.5,1,4,1,1
5.7,95.8,38.0,0,1,0,1
12.4,121.8,51.1,0,4,1,1
5.1,111.4,68.6,0,0,1,1
2.5,78.5,78.1,0,1,1,1
18.1,72.4,79.6,1,4,0,1
5.7,72.3,89.8,1,3,0,1
7.3,106.0,41.6,1,0,0,1
12.4,92.8,40.6,0,1,1,1
8.7,81.2,51.7,0,0,1,1
3.1,47.2,63.0,1,0,0,1
4.2,75.3,52.0,1,2,1,1
11.7,49.5,56.0,0,0,0,1
16.4,79.9,79.5,1,1,1,1
12.6,49.8,55.6,1,1,0,1
5.5,95.4,60.7,0,4,1,1
8.8,104.1,71.3,0,2,1,1
13.2,65.1,81.3,0,2,1,1
20.3,62.0,69.0,0,3,0,1
13.5,95.1,67.9,1,4,1,1
8.8,41.7,73.4,0,2,0,1
11.0,97.9,77.2,1,1,0,1
2.8,57.4,65.2,1,4,1,1
2.6,60.5,66.9,0,3,0,1
3.4,75.3,40.0,0,3,1,1
15.6,80.2,82.7,1,0,1,1
11.5,60.0,86.4,1,3,0,1
8.2,95.5,63.5,0,1,1,1
7.1,81.3,51.1,1,0,0,1
5.4,87.9,66.6,1,2,1,1
2.3,60.1,40.6,0,1,0,1
11.7,64.2,46.3,0,1,0,1
6.7,82.0,75.2,0,3,1,1
10.8,83.1,99.6,0,1,0,1
24.7,96.0,60.4,0,4,1,1
8.0,94.7,55.9,1,0,1,1
5.4,56.9,62.7,0,3,1,1
7.4,55.4,87.6,1,3,0,1
6.9,94.2,62.4,0,3,1,1
18.2,75.3,64.6,1,1,0,1
13.8,79.3,71.6,0,0,0,1
18.0,96.9,75.2,1,0,0,1
10.6,107.9,51.3,0,0,1,1
12.0,67.3,55.1,1,2,0,1
15.5,71.9,79.4,0,0,0,1
12.3,78.9,90.4,0,1,1,1
8.2,80.2,79.8,0,3,0,1
11.1,67.5,73.4,0,2,0,1
12.0,98.2,69.6,0,0,0,1
8.1,95.3,99.6,1,3,0,1
-1.2,90.2,81.6,0,3,1,1
10.7,130.5,32.5,1,1,0,1
9.6,55.3,66.7,1,2,0,1
5.6,78.0,60.6,0,4,0,1
13.1,97.6,64.5,1,2,0,1
10.6,96.3,65.2,1,2,0,1
6.4,107.6,63.4,0,2,0,1
14.2,93.5,63.7,1,1,0,1
8.3,75.3,86.8,0,4,1,1
12.1,48.7,80.0,0,2,0,1
14.2,34.8,53.9,0,3,1,1
11.4,52.5,54.6,0,0,0,1
7.2,53.1,103.4,1,2,1,1
8.9,76.9,73.7,0,1,0,1
9.7,65.1,56.4,1,1,0,1
4.8,82.4,59.2,0,1,1,1
11.0,80.4,74.2,1,4,0,1
15.5,45.6,50.0,0,3,1,1
10.8,86.0,80.8,1,3,0,1
18.6,87.3,70.8,0,2,0,1
10.4,80.1,111.0,0,4,0,1
10.4,63.5,49.5,0,2,1,1
14.5,87.9,77.7,0,2,0,1
1.5,75.3,60.6,1,2,1,1
4.9,64.0,60.2,1,1,1,1
13.4,61.0,64.7,0,2,1,1
12.6,111.1,44.7,1,3,1,1
14.3,93.3,62.5,0,0,1,1
14.4,59.9,45.9,0,4,1,1
15.9,88.3,54.7,1,2,1,1
19.0,89.9,55.4,0,0,0,1
20.4,57.6,81.0,0,2,0,1
9.0,58.0,54.8,1,3,0,1
4.3,99.7,69.6,1,4,0,1
10.0,70.1,56.3,0,2,0,1
9.1,87.3,65.2,1,4,0,1
3.4,50.7,57.2,0,2,0,1
11.5,61.8,30.4,1,1,0,1
10.0,67.1,62.9,1,1,1,1
15.4,55.6,41.5,1,4,1,1
17.5,79.1,51.6,1,4,1,1
6.9,75.3,41.1,0,3,1,1
14.9,78.3,64.7,1,1,0,1
14.0,89.4,65.2,0,3,0,1
4.3,82.0,62.2,1,2,0,1
14.6,83.7,71.4,0,0,0,1
21.4,89.3,63.1,0,4,1,1
10.0,52.3,65.1,0,3,1,1
13.4,113.0,89.5,0,1,1,1
9.9,109.2,54.3,0,1,0,1
14.3,65.5,40.0,0,2,1,1
3.9,75.3,52.2,0,2,0,1
12.4,48.0,65.2,0,0,0,1
7.5,75.3,76.8,1,0,0,1
10.0,43.9,64.3,1,4,0,1
5.6,75.3,89.5,1,3,0,1
8.0,51.3,69.8,0,0,1,1
12.4,97.4,53.4,1,1,1,1
16.1,68.0,78.1,1,2,1,1
6.0,66.0,53.3,1,4,0,1
6.6,85.8,80.3,0,1,1,1
18.1,71.6,63.1,0,0,0,1
10.4,58.2,73.9,0,1,0,1
4.8,32.7,98.0,0,1,1,1
11.7,63.7,59.9,0,2,1,1
13.8,87.2,69.8,1,0,1,1
12.1,150.0,69.0,0,0,1,1
12.9,66.8,91.4,0,2,1,1
5.4,77.5,86.9,1,2,1,1
17.0,80.0,98.6,0,3,1,1
16.4,75.3,37.2,1,3,1,1
20.4,89.2,65.2,1,4,0,1
11.9,60.0,66.4,0,3,0,1
10.8,88.3,45.4,0,1,1,1
13.1,75.7,56.1,0,4,0,1
9.7,56.7,65.2,0,3,1,1
10.4,112.4,62.2,1,3,1,1
6.1,77.1,72.1,1,2,1,1
10.0,57.6,20.7,0,3,0,1
11.9,56.9,68.6,1,1,0,1
9.5,35.3,73.1,0,3,1,1
8.2,44.7,101.7,1,2,0,1
7.9,64.3,83.3,0,0,1,1
6.4,75.3,94.5,0,2,0,1
12.2,120.2,64.9,0,4,1,1
20.8,92.9,35.5,1,2,1,1
8.0,51.8,74.6,1,2,1,1
10.0,75.3,57.4,1,2,1,1
0.2,64.2,76.6,1,1,1,1
5.2,59.5,58.6,0,1,0,1
8.5,66.6,77.2,1,0,0,1
11.4,79.6,58.5,0,0,1,1
16.2,79.0,61.3,0,1,0,1
-1.0,70.4,65.1,1,1,1,1
7.2,82.1,57.0,1,0,1,1
2.5,75.3,51.3,1,2,1,1
8.1,22.1,71.7,1,2,0,1
0.5,60.5,56.9,0,1,0,1
11.0,89.3,57.6,1,4,0,1
19.0,89.7,40.8,0,3,0,1
16.1,94.8,99.2,0,0,0,1
9.7,100.7,94.3,1,0,1,1
13.9,60.6,62.8,1,4,0,1
20.0,94.5,36.9,0,0,1,1
16.0,82.8,58.7,1,2,0,1
-1.8,78.3,68.5,0,0,0,1
16.2,89.0,65.4,0,3,0,1
9.3,66.3,70.2,0,1,0,1
6.9,48.6,62.6,1,1,1,1
5.3,77.9,65.2,1,0,0,1
2.8,84.5,60.6,1,4,1,1
19.6,71.4,106.3,1,3,1,1
10.0,98.6,43.3,0,0,1,1
4.9,92.0,56.8,1,1,0,1
4.5,105.7,65.9,0,3,1,1
17.7,78.3,56.5,1,1,0,1
16.0,55.0,78.6,0,2,0,1
7.5,92.8,60.8,0,1,0,1
8.8,79.6,73.1,0,0,1,1
10.1,65.3,91.7,1,4,0,1
4.0,49.5,58.1,0,1,1,1
15.7,37.6,72.2,0,3,0,1
3.6,102.2,87.1,1,3,0,1
14.1,50.2,33.0,0,4,1,1
8.9,54.4,65.2,1,4,1,1
12.6,87.5,68.7,0,3,1,1
12.8,92.8,65.0,0,2,1,1
18.5,99.8,65.2,0,4,0,1
0.7,93.5,37.0,0,3,1,1
13.7,63.4,65.2,0,3,0,1
3.4,65.8,80.3,1,2,0,1
14.9,96.8,45.8,0,0,0,1
10.0,75.7,64.0,1,2,0,1
2.8,75.4,77.0,0,1,1,1
5.8,80.2,63.7,1,3,1,1
12.4,89.5,27.5,1,3,0,1
10.6,61.2,80.9,1,1,0,1
7.0,77.9,71.7,1,1,0,1
6.8,75.3,64.8,0,1,0,1
17.1,39.4,73.4,1,3,0,1
3.6,58.9,78.1,0,3,0,1
6.9,83.5,69.8,1,4,0,1
2.4,59.2,70.3,0,1,1,1
15.4,73.1,65.2,0,2,0,1
8.8,70.5,66.8,0,2,1,1
5.5,76.0,96.2,1,1,1,1
-0.8,100.1,51.0,0,0,0,1
15.8,85.0,77.6,1,0,0,1
13.6,75.3,59.5,0,1,1,1
6.4,75.3,64.6,0,3,1,1
7.1,80.2,65.0,1,1,0,1
5.1,111.9,72.2,0,2,1,1
9.5,94.5,55.6,1,4,0,1
7.2,75.3,71.8,0,3,1,1
7.7,120.3,52.2,1,0,0,1
11.9,91.1,65.2,1,1,0,1
8.0,113.4,52.1,1,2,0,1
11.5,63.3,96.9,0,1,1,1
8.4,58.7,79.1,1,1,0,1
0.1,57.1,48.5,1,4,0,1
24.2,99.9,72.2,0,3,1,1
11.3,59.2,69.7,0,1,1,1
12.4,95.6,82.2,0,2,1,1
13.9,77.4,73.5,1,3,1,1
10.8,71.1,59.1,1,2,0,1
11.1,80.6,91.3,0,4,0,1
15.5,29.0,58.4,0,0,1,1
17.7,75.7,55.4,1,1,0,1
10.2,74.3,57.6,1,1,1,1
13.4,54.0,63.6,1,0,1,1
18.1,36.1,79.7,1,4,0,1
15.0,43.0,87.6,1,0,1,1
10.3,100.2,85.6,1,2,1,1
22.5,65.8,65.2,0,2,1,1
3.7,91.9,63.9,1,1,0,1
17.2,79.8,44.1,0,3,1,1
9.5,75.3,57.8,0,0,1,1
4.0,78.6,51.5,0,3,0,1
17.2,101.6,80.4,1,1,1,1
2.5,49.5,68.1,1,2,0,1
13.4,95.6,62.8,0,2,1,1
10.2,81.4,86.0,1,3,0,1
4.6,63.1,70.5,0,1,1,1
10.7,73.6,80.7,0,2,1,1
9.4,71.4,75.8,0,4,0,1
13.7,80.8,69.2,1,1,0,1
12.6,75.3,58.7,0,4,1,1
8.5,90.6,67.9,0,0,1,1
16.0,80.0,79.9,0,4,1,1
8.3,104.5,64.5,0,0,1,1
7.7,54.0,48.4,1,0,1,1
9.9,61.0,60.1,1,3,0,1
7.8,97.3,88.4,1,1,1,1
14.6,93.1,69.7,0,3,1,1
8.9,75.8,114.4,1,1,0,1
15.3,50.9,53.2,1,4,0,1
4.4,110.7,77.9,1,1,1,1
12.8,96.1,65.2,0,2,1,1
8.4,75.3,48.3,0,3,1,1
9.5,75.3,41.0,1,2,1,1
11.6,81.2,64.7,0,3,1,1
15.8,75.3,77.4,0,0,1,1
10.8,127.0,53.4,0,0,1,1
-3.3,67.9,57.6,1,2,1,1
16.1,63.6,46.4,0,4,1,1
17.3,104.6,70.4,0,2,1,1
16.0,81.3,80.2,1,0,0,1
9.3,73.6,60.7,0,1,1,1
13.1,75.5,59.7,0,0,1,1
12.1,60.7,68.8,1,2,1,1
8.5,71.6,41.3,0,0,1,1
-0.6,66.1,76.4,0,1,0,1
15.9,79.1,51.5,0,4,1,1
11.7,58.6,43.3,1,4,0,1
10.0,95.3,62.8,1,1,1,1
8.5,76.0,91.7,0,3,0,1
10.0,38.3,70.7,1,3,0,1
12.0,73.0,51.9,0,3,0,1
10.3,75.5,66.1,0,1,1,1
5.0,63.7,74.9,1,3,0,1
14.7,77.8,80.0,1,4,0,1
7.5,72.1,72.0,1,1,1,1
13.4,45.2,82.0,0,3,0,1
16.3,144.4,68.0,0,2,1,1
15.6,91.8,68.2,0,1,0,1
-0.4,150.0,65.3,1,2,0,1
6.2,68.4,42.5,1,0,0,1
9.3,71.6,61.4,0,0,0,1
10.0,105.4,70.8,1,1,0,1
7.6,61.1,71.8,1,4,0,1
0.3,42.5,87.6,0,4,0,1
9.8,28.7,48.6,1,2,1,1
5.6,86.5,33.1,1,1,1,1
12.1,41.3,46.9,0,3,1,1
7.0,81.3,75.0,0,1,0,1
14.4,69.8,80.9,1,4,0,1
11.3,75.3,78.7,1,3,1,1
8.3,24.4,48.7,0,1,1,1
9.8,67.8,60.9,0,4,1,1
8.5,44.4,84.1,1,4,0,1
7.5,86.7,45.6,0,1,1,1
10.5,78.0,73.7,1,4,1,1
8.7,75.3,78.3,1,2,0,1
7.4,150.0,53.7,1,4,0,1
9.5,56.5,67.1,1,0,0,1
1.5,51.8,55.2,0,2,1,1
10.5,50.8,46.1,0,1,1,1
8.9,79.3,75.5,0,0,1,1
13.6,57.4,70.4,1,0,1,1
7.1,104.1,59.4,0,0,1,1
7.0,71.7,66.6,1,1,0,1
5.9,96.6,82.8,1,0,0,1
10.0,89.2,74.2,1,3,1,1
15.4,61.1,65.4,0,0,0,1
9.1,63.9,53.0,1,3,0,1
22.2,78.1,54.0,1,0,1,1
16.4,53.3,69.6,0,3,0,1
10.0,63.4,91.4,1,2,0,1
5.7,103.0,67.0,0,1,1,1
18.8,54.7,79.9,0,4,1,1
4.1,59.5,51.4,1,4,0,1
5.2,71.3,79.0,0,2,1,1
9.3,75.3,75.4,0,4,1,1
11.3,50.9,74.4,1,3,1,1
13.7,89.5,68.1,1,2,1,1
7.0,72.3,47.3,0,4,0,1
18.0,14.6,69.5,0,2,1,1
12.9,63.4,73.8,0,1,1,1
8.0,66.4,67.5,0,3,1,1
11.0,85.5,81.5,1,2,1,1
6.8,97.0,68.7,0,0,1,1
5.1,75.3,78.0,1,2,1,1
12.4,44.1,44.3,1,1,1,1
12.3,73.7,70.9,0,0,1,1
4.9,83.2,65.2,0,0,0,1
4.6,64.3,69.1,0,2,1,1
19.3,94.3,67.5,1,1,0,1
13.9,87.2,62.4,0,0,0,1
15.9,111.9,27.4,1,3,1,1
1.3,64.6,64.8,1,3,0,1
11.0,79.3,65.2,0,0,0,1
6.1,73.0,99.8,1,2,1,1
14.2,41.8,57.9,0,1,1,1
4.1,71.4,67.4,1,2,1,1
8.6,100.0,83.3,1,3,0,1
21.2,104.9,47.0,0,2,0,1
12.5,80.8,51.4,0,4,1,1
10.2,114.9,29.8,0,1,1,1
7.6,98.0,103.3,1,2,1,1
10.5,78.3,57.4,1,2,1,1
5.3,87.8,25.4,0,0,0,1
8.8,93.1,68.2,1,1,0,1
8.9,99.3,47.6,0,4,1,1
7.7,72.0,81.9,0,3,0,1
0.0,52.6,52.1,1,2,1,1
13.0,78.3,55.9,0,2,1,1
9.2,103.5,76.0,1,2,1,1
-2.6,65.7,65.2,1,3,0,1
10.0,97.3,72.7,1,3,0,1
10.0,77.2,47.5,0,3,1,1
4.4,74.8,58.9,0,2,1,1
16.6,62.5,65.5,0,2,1,1
7.4,111.1,58.4,1,3,0,1
12.9,101.7,65.0,1,3,0,1
10.0,69.9,65.2,1,3,0,1
18.0,79.3,76.0,1,0,0,1
11.3,89.6,48.8,0,1,1,1
1.3,68.1,58.2,1,1,0,1
4.2,79.0,76.2,1,2,1,1
2.3,63.8,86.1,0,1,0,1
13.8,80.0,62.3,0,0,1,1
6.3,98.5,67.7,1,4,1,1
16.4,88.9,59.9,0,0,1,1
15.2,92.0,53.3,0,0,1,1
2.2,32.0,64.0,0,2,0,1
6.8,115.6,67.0,1,1,1,1
16.1,71.0,72.3,1,3,1,1
7.5,108.4,47.8,0,1,1,1
7.4,62.0,64.5,0,4,0,1
7.3,103.6,51.8,0,4,1,1
8.8,84.5,80.7,0,1,1,1
5.4,81.2,72.0,0,3,0,1
12.7,119.5,48.5,0,4,0,1
8.6,75.9,47.8,1,4,0,1
4.8,85.2,77.1,0,4,0,1
8.6,58.6,64.8,0,4,0,1
15.5,85.9,56.9,1,4,0,1
18.9,93.1,87.0,1,0,1,1
10.7,79.8,62.8,1,2,0,1
14.9,99.5,38.1,1,2,1,1
4.1,77.6,48.7,0,1,1,1
15.8,82.3,40.3,1,0,1,1
1.7,67.2,84.0,1,0,0,1
10.0,46.7,79.4,1,4,0,1
5.9,76.2,55.3,1,3,1,1
10.0,105.9,71.1,0,3,1,1
10.0,51.4,51.7,1,4,1,1
9.7,73.9,67.7,1,2,1,1
12.0,110.0,65.2,1,2,1,1
0.4,75.1,50.4,0,1,1,1
12.9,46.3,74.9,1,4,0,1
16.7,77.9,97.0,1,4,1,1
17.4,75.3,51.7,0,3,1,1
6.3,105.3,54.9,0,3,0,1
20.1,50.7,58.3,1,1,1,1
9.1,49.0,51.9,1,4,0,1
6.4,69.1,62.8,1,3,1,1
4.6,109.2,38.4,1,0,1,1
16.2,49.6,40.1,1,1,0,1
1.4,69.0,34.8,1,1,1,1
2.0,67.3,81.5,1,2,1,1
23.4,67.5,66.7,0,3,1,1
8.5,79.7,87.6,0,0,1,1
10.1,59.0,62.3,1,2,0,1
15.3,59.7,92.4,0,4,0,1
8.7,85.7,65.2,0,0,1,1
1.5,64.6,38.0,0,3,1,1
8.0,90.1,58.3,0,4,0,1
11.5,81.7,79.8,1,2,1,1
0.5,99.2,50.8,0,3,0,1
13.7,90.1,74.7,0,2,0,1
11.7,75.3,73.7,1,4,0,1
5.8,58.8,67.8,0,0,1,1
-1.0,79.5,69.7,0,0,0,1
10.6,99.6,60.0,1,3,1,1
6.9,94.3,77.8,1,0,1,1
7.1,85.6,40.7,0,0,0,1
6.3,92.8,43.1,1,2,1,1
3.5,74.0,87.1,1,2,1,1
10.0,80.1,46.5,0,1,0,1
3.3,94.1,80.9,1,0,0,1
9.8,54.2,65.2,0,3,0,1
13.2,52.5,55.5,0,3,1,1
14.5,49.7,62.4,0,1,0,1
24.1,86.9,84.0,1,3,0,1
3.1,82.7,69.2,1,1,1,1
9.6,66.7,52.5,0,4,0,1
14.3,116.0,69.0,0,3,1,1
8.9,88.5,46.5,0,1,0,1
2.6,89.5,50.2,0,1,1,1
10.5,99.8,74.3,1,2,0,1
6.3,51.8,61.5,0,2,1,1
12.7,97.2,90.7,0,0,0,1
13.8,49.3,94.0,0,1,1,1
6.0,53.9,63.3,0,0,0,1
17.6,71.8,64.5,1,3,1,1
20.3,64.6,40.7,1,1,0,1
14.0,93.3,85.8,1,0,1,1
4.0,58.0,71.4,0,1,0,1
12.1,66.3,50.4,1,1,1,1
18.1,54.6,82.2,1,3,0,1
6.3,90.5,53.1,1,4,1,1
15.4,101.1,50.0,0,4,0,1
15.5,83.9,47.1,1,3,1,1
10.1,82.0,83.8,1,1,1,1
10.6,59.2,65.4,0,1,0,1
14.5,97.7,82.3,0,4,1,1
6.6,65.8,70.0,1,3,0,1
10.0,65.1,78.9,0,0,0,1
8.2,48.7,72.3,1,1,1,1
10.2,62.1,43.1,1,2,1,1
14.0,79.1,53.4,0,1,1,1
2.8,83.6,65.5,1,1,1,1
11.2,53.6,52.1,1,4,1,1
6.7,37.0,71.2,0,2,1,1
17.5,79.3,37.5,0,1,1,1
8.8,75.3,63.5,0,3,1,1
9.7,73.8,50.3,0,3,1,1
18.2,72.3,80.7,1,1,1,1
11.4,91.5,86.3,0,2,1,1
4.5,47.4,72.4,1,0,1,1
14.8,56.8,58.3,0,4,0,1
4.3,61.8,56.4,0,1,1,1
8.4,48.4,76.7,1,4,1,1
-3.8,70.6,18.5,1,4,0,1
-2.1,83.1,66.0,0,1,1,1
17.6,55.4,67.5,1,4,0,1
6.8,69.2,41.0,1,2,0,1
13.7,60.4,53.1,1,3,0,1
8.1,61.1,83.3,0,2,1,1
13.5,69.3,55.9,1,3,0,1
9.5,115.4,65.2,1,3,1,1
14.4,66.6,47.5,1,3,1,1
16.8,66.0,59.0,1,1,1,1
18.6,88.5,65.7,0,2,0,1
5.6,77.2,74.7,1,2,1,1
2.1,75.3,51.8,1,0,0,1
14.6,75.7,49.0,1,4,1,1
12.6,79.6,81.4,1,1,0,1
19.4,75.3,77.2,0,3,0,1
15.9,77.4,72.8,1,4,0,1
15.4,95.8,71.3,1,0,1,1
16.9,95.1,52.4,0,1,1,1
18.9,78.1,90.4,1,1,1,1
8.5,62.8,62.5,0,4,0,1
15.6,81.3,57.8,1,1,1,1
10.0,71.9,68.9,0,0,1,1
8.7,49.4,55.7,1,2,1,1
20.0,88.4,38.3,0,0,1,1
12.0,94.2,65.2,0,2,0,1
6.7,39.5,66.2,0,1,0,1
7.4,67.4,65.8,1,4,1,1
3.5,83.6,57.4,1,2,1,1
11.1,63.9,80.1,1,3,0,1
19.3,83.6,67.3,0,4,0,1
7.0,75.3,49.2,1,2,0,1
10.6,111.2,70.4,0,2,1,1
7.8,76.3,45.4,1,0,0,1
5.8,59.5,78.6,1,2,1,1
18.4,74.5,65.7,0,3,0,1
10.0,83.6,79.2,1,4,0,1
10.0,65.8,92.3,0,4,0,1
6.5,49.4,75.0,0,2,1,1
9.9,73.0,70.4,1,3,0,1
10.0,99.3,45.1,1,0,0,1
6.4,65.9,79.3,0,0,0,1
12.9,91.6,88.0,1,1,0,1
10.5,68.0,47.9,1,3,0,1
8.5,51.5,54.1,1,1,0,1
16.8,51.3,94.6,0,4,1,1
13.4,73.4,65.2,1,3,0,1
7.9,118.9,60.8,0,2,0,1
15.4,101.5,73.9,1,0,0,1
6.2,95.1,68.2,0,4,1,1
2.1,55.7,40.4,1,3,1,1
8.1,78.4,73.8,1,2,1,1
8.2,59.4,75.5,0,1,0,1
3.9,65.1,59.0,1,3,0,1
12.4,39.3,69.8,1,1,0,1
9.5,84.9,53.7,1,2,1,1
6.6,59.3,74.7,1,3,0,1
6.5,88.0,72.7,1,3,0,1
10.8,89.7,65.2,0,0,0,1
15.6,89.5,54.5,0,3,1,1
8.7,75.3,84.9,0,0,0,1
10.9,63.5,49.1,1,4,0,1
13.9,111.7,90.0,0,1,0,1
13.9,81.7,68.8,0,2,1,1
15.1,47.3,72.9,1,3,1,1
10.4,102.6,94.6,1,1,1,1
15.5,75.3,66.0,0,3,0,1
9.5,94.4,74.1,0,3,0,1
4.2,88.7,63.7,0,2,0,1
6.5,150.0,83.7,1,4,0,1
8.9,62.1,72.2,0,1,0,1
8.2,111.4,49.5,0,2,0,1
5.6,89.8,70.2,0,0,1,1
14.6,82.4,73.6,1,2,0,1
7.2,75.2,59.9,1,2,1,1
9.9,54.5,97.8,1,0,1,1
7.4,86.2,43.9,1,3,0,1
10.0,87.4,97.9,0,4,0,1
5.8,115.9,79.7,0,1,1,1
10.9,88.2,58.9,1,0,1,1
17.3,75.4,37.6,1,4,1,1
9.1,81.3,107.7,0,4,0,1
-1.5,67.2,68.5,0,1,0,1
6.7,50.2,76.6,1,3,1,1
18.9,32.3,42.9,1,4,0,1
9.1,144.0,53.5,1,4,1,1
2.4,71.3,92.7,0,3,1,1
10.0,61.8,71.3,0,3,1,1
12.1,90.4,61.1,0,2,1,1
7.3,75.3,63.9,0,3,0,1
10.0,78.6,54.7,1,3,1,1
16.0,75.3,56.9,1,0,1,1
4.3,62.8,90.2,1,2,1,1
-0.3,99.1,74.6,0,3,0,1
11.1,60.7,43.6,0,3,1,1
8.6,78.0,76.4,0,1,0,1
10.0,58.3,57.0,0,3,1,1
10.7,82.2,87.6,1,4,0,1
6.8,47.6,65.2,0,4,1,1
17.6,52.4,46.1,0,3,0,1
13.7,60.8,59.8,0,1,1,1
14.5,76.1,56.8,0,3,0,1
10.2,57.2,65.2,0,1,1,1
7.4,116.7,42.0,0,1,1,1
8.2,65.6,50.7,1,2,1,1
12.0,75.3,89.0,0,4,0,1
12.2,108.8,43.3,0,2,0,1
12.7,64.4,62.6,0,2,1,1
8.8,18.1,62.5,1,1,0,1
7.8,138.0,61.6,1,4,0,1
12.9,95.4,96.4,0,1,0,1
8.6,79.5,49.5,1,3,0,1
14.3,75.3,66.3,1,1,1,1
19.0,66.5,59.5,0,4,1,1
13.7,46.5,69.9,1,0,0,1
14.8,74.1,70.5,0,4,0,1
11.5,27.8,69.2,0,3,0,1
0.7,66.5,63.4,1,0,0,1
14.0,75.3,51.0,0,2,1,1
10.1,90.5,50.5,0,2,1,1
9.7,66.5,67.1,1,1,0,1
12.2,83.6,56.0,1,2,1,1
2.9,69.6,67.5,1,2,1,1
0.5,69.0,64.7,0,2,1,1
2.2,79.6,74.8,1,1,0,1
13.5,108.3,71.0,0,4,1,1
10.4,98.1,49.7,0,3,1,1
11.8,85.8,61.5,0,3,1,1
1.6,89.2,42.1,1,0,1,1
10.0,62.7,62.2,1,2,1,1
4.2,53.6,63.9,1,0,0,1
6.4,60.4,78.2,1,3,1,1
10.0,91.0,53.8,0,1,1,1
10.1,102.2,79.2,1,1,1,1
15.8,75.3,60.6,0,2,1,1
10.5,85.0,71.8,1,2,1,1
10.0,75.3,41.5,1,2,1,1
13.6,76.8,73.4,1,1,0,1
11.5,77.3,54.8,0,0,1,1
6.3,62.9,58.1,1,0,1,1
14.0,68.5,68.0,0,4,0,1
8.1,103.4,97.7,1,2,1,1
7.5,64.8,39.7,1,1,1,1
18.7,56.6,64.1,1,4,1,1
8.7,55.8,55.5,0,3,0,1
10.3,109.4,64.9,1,3,1,1
19.0,67.9,55.5,0,2,1,1
12.8,108.3,69.9,0,1,1,1
3.8,104.1,56.6,0,2,1,1
14.2,53.7,67.4,0,3,1,1
15.0,84.0,55.8,0,2,0,1
12.4,66.6,45.6,1,4,1,1
10.0,65.8,95.7,1,1,1,1
10.0,75.5,72.5,0,1,0,1
13.6,75.3,98.6,0,3,0,1
12.2,75.3,68.9,0,0,0,1
1.6,75.3,78.3,1,1,1,1
12.7,71.3,54.0,0,3,1,1
2.9,75.3,66.2,0,4,0,1
8.1,77.1,72.5,1,1,0,1
8.8,75.3,48.1,1,2,1,1
4.4,110.5,62.3,0,0,0,1
3.1,66.5,51.4,0,1,1,1
14.2,61.8,65.2,0,3,1,1
10.0,116.2,65.2,1,0,1,1
12.8,84.8,67.8,1,4,0,1
5.9,76.9,65.2,1,1,0,1
4.5,86.3,65.9,0,1,0,1
11.8,76.3,52.9,0,3,1,1
14.3,80.9,49.2,0,4,0,1
10.0,86.3,67.3,0,3,0,1
2.0,56.9,94.7,0,1,0,1
1.6,35.1,56.9,1,0,1,1
5.8,73.1,44.9,1,0,0,1
4.1,38.5,67.6,0,1,1,1
20.8,91.4,64.3,0,1,1,1
13.8,77.9,61.1,1,0,1,1
6.8,83.1,68.3,0,2,1,1
10.0,117.3,87.5,1,3,1,1
15.5,94.3,76.9,1,4,0,1
7.9,83.8,72.0,0,0,0,1
8.7,88.2,50.5,1,4,1,1
11.5,74.7,64.2,1,4,0,1
14.9,84.5,52.8,1,0,1,1
17.5,76.1,57.8,0,1,0,1
14.6,81.0,68.5,1,1,0,1
9.9,65.0,56.6,0,1,0,1
10.0,90.9,86.8,1,1,1,1
7.3,78.8,61.6,0,4,0,1
10.5,59.3,50.5,1,4,1,1
10.4,70.1,58.2,1,1,0,1
10.1,72.9,50.9,1,0,1,1
19.6,102.2,89.4,1,1,0,1
11.7,80.4,64.9,1,4,0,1
11.1,124.3,41.9,1,0,1,1
17.0,95.9,51.3,0,1,0,1
17.3,71.0,53.2,0,2,1,1
5.3,73.8,67.2,0,0,0,1
18.0,64.0,95.6,0,1,1,1
10.9,54.9,53.8,0,3,0,1
9.8,75.3,91.7,1,0,0,1
13.0,69.2,70.0,1,3,1,1
1.9,70.2,39.7,1,3,0,1
6.6,95.5,51.7,1,1,1,1
6.6,76.0,70.8,0,2,0,1
12.7,76.9,83.2,0,4,1,1
4.4,75.3,71.2,0,3,1,1
11.3,83.3,56.9,1,0,0,1
14.7,65.0,52.0,0,2,1,1
13.5,42.1,61.4,0,3,0,1
-2.3,72.8,51.7,1,4,1,1
13.7,105.4,67.2,1,2,1,1
1.2,73.2,49.3,0,1,0,1
9.6,75.3,70.0,0,0,1,1
16.7,57.1,46.6,1,2,1,1
7.2,52.4,68.2,0,0,0,1
6.8,93.2,45.9,0,1,1,1
9.8,93.9,63.2,0,3,0,1
17.8,83.1,62.1,0,1,1,1
7.6,89.0,58.8,0,3,0,1
10.1,62.7,66.7,1,3,1,1
9.8,110.6,65.8,0,4,1,1
8.8,112.3,55.1,0,1,0,1
3.4,85.2,76.1,0,4,1,1
10.0,105.4,72.2,1,1,1,1
15.4,91.3,57.2,0,4,1,1
11.4,99.4,76.4,0,3,0,1
11.9,66.7,71.1,1,3,1,1
19.6,89.5,74.7,1,1,1,1
16.3,62.3,72.8,0,3,1,1
0.6,67.0,73.5,0,2,1,1
6.4,75.3,31.6,0,0,0,1
10.0,69.5,200.0,1,4,0,1
14.2,60.7,78.0,1,4,1,1
3.8,107.8,58.2,0,3,0,1
13.8,76.0,93.1,0,1,1,1
11.8,83.0,51.5,0,0,0,1
14.4,75.3,61.5,1,4,1,1
11.2,116.8,65.5,1,2,1,1
8.0,47.6,68.5,0,3,1,1
12.0,75.3,64.1,1,3,0,1
10.5,65.7,65.2,1,1,1,1
-2.1,61.9,65.2,0,4,0,1
10.9,105.6,87.5,1,3,0,1
19.7,63.3,48.7,1,1,0,1
20.3,93.6,42.6,0,1,1,1
7.1,79.8,59.3,1,2,1,1
5.0,69.3,77.5,0,2,1,1
6.5,94.0,71.3,1,3,0,1
7.6,84.2,51.5,0,2,1,1
7.6,80.0,75.9,1,0,0,1
10.0,77.6,49.4,1,4,1,1
8.9,67.8,69.0,1,4,0,1
10.9,67.4,100.9,1,3,0,1
9.9,45.4,67.0,0,3,0,1
2.7,48.9,50.1,1,1,1,1
2.6,97.9,46.8,1,3,0,1
13.8,75.3,64.6,1,1,0,1
18.1,58.3,65.2,1,2,1,1
12.5,76.1,65.5,1,4,0,1
15.5,87.3,81.3,1,3,0,1
7.2,91.0,28.2,0,0,1,1
12.6,58.0,99.8,0,2,1,1
7.0,51.0,78.0,1,1,1,1
10.1,77.2,51.1,1,4,0,1
8.0,58.7,61.6,0,3,1,1
14.3,93.3,61.3,1,1,0,1
10.7,77.8,86.4,1,1,0,1
11.1,55.6,58.6,0,2,1,1
4.8,48.0,74.7,0,1,0,1
17.4,96.7,49.2,1,3,0,1
10.0,76.6,79.9,1,3,0,1
12.1,71.7,43.1,0,0,1,1
11.1,75.3,88.7,1,4,0,1
17.9,94.3,66.3,0,4,0,1
6.9,95.0,41.9,1,4,0,1
7.7,58.3,54.3,1,2,0,1
10.0,68.6,33.5,0,0,1,1
6.3,65.8,87.5,1,2,1,1
11.8,83.0,62.2,1,1,0,1
7.0,63.9,85.5,0,4,1,1
3.9,47.4,79.2,0,1,1,1
10.9,43.4,47.9,0,1,1,1
7.5,83.1,56.9,0,1,1,1
13.8,75.3,76.2,1,1,0,1
17.9,93.2,72.5,1,1,0,1
8.7,84.5,83.9,0,1,1,1
8.8,45.6,56.8,1,2,1,1
4.6,31.9,43.9,1,2,1,1
9.0,64.8,65.2,0,2,0,1
7.2,94.2,77.2,1,0,1,1
17.4,82.4,88.0,1,1,1,1
11.2,101.8,67.9,1,1,1,1
12.3,105.4,85.8,1,0,1,1
7.7,72.6,39.6,1,1,0,1
1.6,53.5,41.6,1,2,1,1
8.1,57.2,68.1,1,2,0,1
5.7,81.1,69.3,1,2,0,1
8.5,104.1,65.1,0,1,1,1
17.4,42.8,61.0,0,2,0,1
14.1,62.0,69.6,1,1,1,1
8.9,75.6,85.0,0,4,0,1
14.1,83.2,74.4,0,4,1,1
14.1,75.7,65.7,0,0,0,1
10.0,83.0,54.7,1,1,1,1
18.9,92.0,54.4,0,1,1,1
4.0,73.7,53.7,1,3,0,1
12.9,54.3,85.4,0,3,1,1
12.3,84.9,68.7,1,3,0,1
11.0,91.5,65.2,1,4,0,1
7.4,69.3,65.2,0,2,0,1
13.1,100.0,68.1,1,4,0,1
9.6,61.0,79.0,1,0,1,1
10.0,119.9,46.7,0,3,0,1
17.5,21.5,67.9,0,2,0,1
9.8,71.1,77.5,0,1,1,1
7.0,74.9,68.9,0,2,1,1
6.0,75.3,66.1,1,0,1,1
5.9,70.0,49.3,1,2,1,1
10.6,88.0,63.9,0,1,0,1
7.2,77.8,66.2,1,3,1,1
12.7,56.7,39.3,1,2,1,1
16.3,53.0,51.3,1,2,1,1
18.9,64.7,86.8,1,2,1,1
1.0,62.9,86.1,0,3,1,1
15.9,73.7,54.0,1,1,0,1
10.1,89.8,52.0,0,1,1,1
9.1,103.3,15.9,1,4,0,1
14.3,73.5,87.7,1,3,1,1
10.4,71.5,53.4,1,2,1,1
14.5,91.5,58.8,0,2,1,1
2.6,70.1,89.0,1,3,1,1
4.3,76.4,83.0,1,2,1,1
7.1,74.7,70.2,1,3,0,1
20.7,77.0,54.4,1,0,0,1
4.1,59.7,54.6,1,2,0,1
-6.2,73.0,52.2,0,1,0,1
7.6,59.0,61.6,0,2,0,1
10.2,75.9,65.0,0,4,1,1
11.5,76.8,52.7,1,0,1,1
6.3,74.2,57.8,1,2,1,1
5.1,75.3,82.5,1,4,0,1
10.0,150.0,72.7,0,0,1,1
10.0,36.3,67.3,0,1,0,1
10.5,76.9,62.9,0,0,0,1
7.0,71.5,59.0,1,2,1,1
1.9,75.2,60.7,0,1,0,1
6.2,44.9,48.2,0,3,0,1
14.8,51.7,48.2,1,4,0,1
10.0,78.9,69.2,1,2,0,1
11.7,72.4,66.0,1,4,0,1
11.2,72.9,60.7,0,0,1,1
10.0,65.9,72.6,1,3,0,1
12.6,96.0,68.2,0,1,0,1
2.0,75.3,54.6,1,3,1,1
8.8,104.1,52.4,0,1,1,1
16.4,78.0,66.3,0,1,1,1
-0.8,57.1,46.8,0,1,1,1
11.7,73.7,71.2,0,2,1,1
7.0,68.2,72.6,0,1,0,1
9.6,97.8,65.3,1,1,1,1
10.0,59.4,63.4,1,2,0,1
5.7,98.5,83.4,0,1,1,1
13.4,70.3,88.2,1,2,0,1
10.4,75.5,92.5,1,2,1,1
13.8,79.3,68.7,0,0,1,1
10.7,65.4,49.6,0,2,0,1
9.3,92.7,67.7,1,3,0,1
11.0,88.6,74.7,1,1,0,1
10.7,76.5,46.1,1,2,1,1
1.8,66.3,56.7,0,3,1,1
8.5,45.6,82.2,0,4,1,1
22.3,97.9,65.2,0,0,1,1
8.4,75.0,75.6,1,1,0,1
7.6,57.9,55.7,0,4,0,1
16.2,39.4,76.5,0,3,0,1
12.1,83.3,77.7,1,2,1,1
10.0,74.7,55.1,0,1,0,1
7.4,95.9,80.6,1,2,1,1
10.1,81.5,78.6,0,4,0,1
7.2,71.9,54.4,0,3,1,1
10.0,97.6,60.4,0,1,1,1
1.7,74.2,52.0,1,1,0,1
6.8,53.9,35.7,0,4,0,1
13.7,87.3,63.8,1,4,1,1
6.1,87.2,47.0,1,0,0,1
10.3,62.9,45.9,0,1,0,1
6.2,100.3,70.5,1,0,1,1
14.6,66.2,41.0,1,4,0,1
-0.5,150.0,39.4,0,1,0,1
-0.2,67.0,65.2,1,0,0,1
13.5,60.0,69.7,1,3,0,1
9.4,64.0,65.2,1,3,0,1
14.5,75.5,93.0,0,1,0,1
9.1,55.5,49.5,0,4,1,1
18.7,82.3,79.1,0,4,0,1
3.6,67.1,62.5,1,4,1,1
9.6,37.0,51.1,0,4,1,1
8.2,54.5,51.0,1,4,0,1
7.4,103.2,69.2,0,3,0,1
7.4,75.3,62.9,0,4,0,1
10.0,71.8,55.1,1,2,1,1
-1.0,82.7,84.2,1,2,1,1
15.6,58.4,53.8,1,1,0,1
13.0,84.5,80.3,0,4,1,1
15.2,84.9,69.4,0,0,0,1
9.3,79.8,65.2,0,1,1,1
7.8,88.1,53.2,0,3,1,1
15.5,79.7,97.5,1,1,1,1
1.2,58.1,65.7,0,3,0,1
5.6,55.0,59.6,0,1,1,1
10.6,86.1,69.6,1,2,0,1
-1.8,75.3,45.8,1,2,1,1
10.0,96.2,52.4,0,0,0,1
15.1,105.9,59.2,0,0,1,1
3.5,97.0,98.6,1,2,1,1
6.1,68.1,75.3,1,1,1,1
15.0,53.5,64.3,1,4,1,1
13.0,62.4,64.8,0,2,1,1
1.1,91.9,29.2,0,1,0,1
1.9,52.3,76.1,1,1,1,1
12.8,79.9,74.6,0,2,1,1
8.1,35.3,48.6,0,2,1,1
5.4,50.5,36.8,0,3,0,1
16.2,83.5,98.9,0,0,1,1
9.1,58.6,66.6,1,4,1,1
13.9,75.8,62.8,0,0,1,1
14.5,81.8,54.9,0,4,0,1
13.1,50.0,84.6,0,0,0,1
15.4,62.2,72.9,0,3,1,1
3.5,36.2,54.7,0,2,1,1
6.9,56.4,66.5,0,2,0,1
10.8,66.4,68.7,1,2,1,1
5.8,55.9,83.5,0,2,0,1
3.3,68.9,89.4,1,2,0,1
16.8,67.6,67.7,0,2,1,1
12.1,63.3,83.8,1,1,1,1
9.1,114.2,43.4,0,2,0,1
12.9,114.2,51.0,0,2,0,1
-5.8,115.1,23.0,0,4,1,1
12.5,51.7,74.9,0,0,0,1
0.7,55.6,60.0,0,0,0,1
16.6,69.9,62.2,1,1,0,1
14.3,102.4,56.1,1,0,0,1
9.7,64.4,71.3,1,1,0,1
10.5,80.9,66.5,0,1,0,1
7.8,76.4,65.2,0,2,0,1
15.7,83.7,84.1,0,1,1,1
3.1,59.4,44.0,1,1,0,1
6.1,48.0,74.5,1,3,1,1
5.2,85.8,64.7,1,3,0,1
13.1,69.6,65.1,1,1,1,1
5.6,92.6,71.9,1,2,1,1
10.0,51.0,62.3,1,3,0,1
7.4,83.4,42.2,0,1,1,1
11.6,77.0,54.1,1,4,1,1
8.7,90.4,62.6,0,4,0,1
9.0,55.5,75.0,1,3,0,1
5.1,60.0,72.4,0,2,0,1
21.6,116.3,62.7,1,0,1,1
4.9,103.1,81.7,1,3,0,1
6.1,71.9,48.7,1,0,0,1
7.4,85.8,65.5,0,0,1,1
10.1,49.5,70.5,1,3,1,1
9.5,45.0,59.9,1,4,0,1
6.0,88.8,55.1,0,3,0,1
14.5,102.5,68.7,1,0,0,1
14.2,111.3,59.9,0,2,0,1
7.2,61.7,63.5,1,1,1,1
13.9,39.2,56.3,1,3,0,1
2.0,80.7,54.1,1,4,0,1
14.8,75.3,61.9,0,1,1,1
15.3,52.9,88.0,0,2,0,1
20.3,67.0,72.9,0,1,1,1
13.8,51.8,42.9,0,1,0,1
14.4,102.4,76.3,1,1,0,1
13.7,50.2,84.9,0,4,0,1
11.6,103.6,47.0,0,4,1,1
7.6,25.2,67.9,0,1,0,1
5.1,77.3,74.5,0,2,0,1
5.1,51.5,78.3,1,2,0,1
5.7,78.4,75.0,1,4,1,1
14.1,90.9,63.5,0,0,0,1
9.2,67.2,80.8,1,2,0,1
14.7,94.1,69.9,0,1,1,1
12.3,75.3,65.8,0,1,1,1
7.9,89.2,38.5,1,1,0,1
17.8,75.3,77.0,1,2,0,1
13.4,77.8,94.5,0,3,0,1
6.0,57.0,54.7,1,3,0,1
4.9,80.4,85.5,1,4,1,1
16.0,60.2,48.0,1,4,0,1
7.5,73.2,81.8,1,4,1,1
14.8,91.5,45.4,0,4,0,1
9.1,55.7,66.7,0,2,1,1
-2.6,55.2,67.4,0,3,0,1
5.9,82.3,55.3,0,2,0,1
7.5,48.9,76.2,1,3,1,1
11.2,109.7,56.6,0,2,0,1
1.7,103.9,62.4,0,1,0,1
8.9,127.0,74.5,0,2,0,1
13.9,63.7,73.9,1,4,1,1
8.0,75.3,71.3,1,2,0,1
20.7,99.9,50.7,0,1,1,1
5.3,60.3,37.5,0,3,0,1
10.6,75.9,79.9,0,4,0,1
15.1,55.7,57.1,1,1,0,1
3.9,98.1,79.7,1,3,0,1
13.3,80.8,72.1,1,1,0,1
1.2,64.5,63.3,1,2,1,1
12.2,111.6,65.2,0,3,1,1
10.0,68.7,60.4,1,4,0,1
3.0,88.9,66.3,1,1,0,1
8.1,81.3,50.8,1,0,0,1
13.0,81.2,47.4,1,1,1,1
9.0,90.8,63.0,0,3,1,1
21.3,95.4,94.7,0,0,0,1
10.0,108.7,59.8,1,2,0,1
8.3,73.3,59.6,0,0,0,1
5.0,82.3,54.5,1,4,1,1
9.5,89.5,56.0,1,4,1,1
19.2,84.7,68.3,0,1,0,1
7.8,66.2,86.3,1,0,1,1
13.3,79.9,70.4,0,2,1,1
15.8,60.0,60.9,0,2,1,1
7.9,70.7,63.5,0,1,0,1
4.2,107.5,55.8,0,4,1,1
1.0,75.3,65.6,0,4,1,1
13.8,46.3,91.5,0,1,0,1
3.5,69.8,60.5,0,3,1,1
11.5,81.6,79.4,1,3,1,1
10.0,82.4,69.6,1,4,0,1
3.6,34.3,91.7,0,1,0,1
12.4,92.2,65.0,0,0,1,1
10.0,115.9,74.1,0,1,0,1
11.6,42.3,78.3,0,4,0,1
4.7,104.9,73.7,0,1,0,1
22.8,107.9,65.6,0,0,1,1
10.0,81.9,35.0,1,2,1,1
10.0,104.2,93.8,0,2,0,1
9.0,97.9,53.3,0,3,0,1
10.1,60.4,87.1,0,1,0,1
9.6,79.3,64.1,1,0,0,1
18.1,60.8,83.7,1,0,1,1
7.5,70.4,58.1,1,4,0,1
7.2,92.1,89.7,0,1,0,1
11.5,55.2,46.9,0,1,0,1
11.9,98.9,33.5,1,1,0,1
15.0,129.4,65.2,0,3,0,1
13.3,89.0,86.7,1,4,1,1
11.2,98.3,65.2,1,3,1,1
8.9,100.6,46.9,1,2,1,1
10.2,63.1,42.7,0,4,0,1
10.5,56.5,63.1,1,4,1,1
7.4,95.4,66.2,1,3,0,1
14.9,77.2,73.3,1,3,1,1
13.3,84.9,49.1,0,1,0,1
3.4,75.3,54.0,0,2,1,1
10.9,54.0,60.9,0,0,1,1
12.4,120.3,65.6,1,1,0,1
9.9,82.1,62.9,0,1,1,1
10.0,84.0,65.3,1,2,0,1
7.1,19.3,68.1,1,4,0,1
13.0,63.8,45.2,0,0,0,1
21.1,70.2,56.7,1,4,1,1
7.6,87.2,60.9,0,3,0,1
-1.9,82.0,60.0,0,1,1,1
5.9,70.6,62.0,1,3,0,1
13.7,88.8,47.1,1,1,0,1
13.0,57.4,62.9,0,3,1,1
15.0,87.1,70.9,0,3,0,1
13.1,51.6,34.4,1,0,0,1
4.1,55.1,72.2,0,1,0,1
10.1,81.2,60.8,0,1,1,1
14.4,61.4,56.1,0,1,1,1
3.1,55.1,71.6,1,1,1,1
4.6,82.4,54.4,0,2,1,1
8.0,75.3,75.7,0,2,0,1
14.5,100.4,67.7,0,4,1,1
1.0,60.9,34.6,0,4,1,1
12.5,74.6,72.7,0,3,0,1
8.7,46.7,67.1,1,4,0,1
10.0,73.9,58.7,0,2,0,1
2.6,100.2,79.3,1,3,1,1
3.0,67.9,74.3,1,1,1,1
13.1,61.8,52.9,1,1,1,1
6.1,69.6,36.4,1,1,1,1
7.6,75.3,79.6,0,2,0,1
5.0,89.3,72.9,0,1,1,1
7.5,51.0,63.4,1,2,0,1
3.7,33.7,65.2,1,4,0,1
7.9,91.4,76.8,1,2,0,1
2.5,39.6,56.1,0,2,1,1
9.8,70.3,68.5,1,3,0,1
10.1,76.8,67.9,0,2,0,1
7.5,43.3,51.6,1,0,1,1
10.0,60.2,57.9,1,0,0,1
12.7,63.1,63.3,0,4,1,1
13.1,63.2,65.2,1,0,1,1
6.2,91.6,72.1,1,0,0,1
3.0,24.2,66.6,1,2,1,1
14.7,65.4,49.0,0,1,0,1
10.0,79.1,54.0,0,1,0,1
7.0,58.0,61.0,1,1,1,1
8.6,75.3,77.6,1,0,1,1
4.2,58.3,84.8,0,1,1,1
7.8,39.2,27.0,1,1,0,1
10.1,72.1,65.2,1,1,0,1
8.4,106.3,82.6,1,1,1,1
7.1,109.7,54.9,0,0,0,1
12.8,62.0,72.9,1,3,1,1
8.5,72.7,49.6,1,3,0,1
8.1,74.4,56.4,1,3,0,1
11.4,40.0,72.6,1,4,0,1
16.6,55.5,53.7,0,3,0,1
11.2,69.8,87.1,0,4,1,1
5.9,77.0,48.2,1,3,1,1
7.7,107.0,79.0,0,2,1,1
8.2,70.6,68.2,0,1,0,1
7.4,47.4,75.3,1,0,0,1
8.2,83.4,51.8,1,0,0,1
4.5,60.5,58.1,1,2,0,1
12.4,58.5,53.6,1,1,0,1
14.0,81.8,84.2,1,1,1,1
10.2,53.6,48.8,1,3,1,1
9.7,56.3,80.7,1,1,1,1
10.0,52.3,53.0,1,1,1,1
12.2,60.0,43.1,0,3,0,1
6.4,56.9,48.0,0,4,0,1
12.4,77.7,99.2,1,2,1,1
2.4,56.2,92.7,0,2,1,1
11.2,76.0,54.7,0,3,1,1
12.6,49.0,97.2,0,4,0,1
6.7,89.7,65.6,1,0,0,1
1.4,67.0,73.8,1,4,1,1
13.3,77.3,46.3,1,1,0,1
-0.2,112.1,76.7,1,0,1,1
-1.0,76.8,82.9,1,4,1,1
3.4,81.5,64.3,1,0,0,1
7.7,49.5,48.9,0,3,1,1
9.2,37.9,31.7,1,4,1,1
17.0,87.4,63.7,0,3,1,1
15.3,131.6,53.6,0,1,1,1
15.6,80.9,62.3,1,0,0,1
6.7,124.2,69.2,0,1,1,1
5.8,66.5,40.8,1,2,1,1
13.2,75.3,74.5,0,4,0,1
9.6,78.3,61.5,0,4,0,1
10.1,86.7,70.1,0,1,1,1
14.6,67.9,72.7,1,4,1,1
13.7,95.7,55.8,0,0,1,1
13.0,75.3,83.6,0,0,0,1
12.6,65.3,95.2,0,0,1,1
24.0,73.8,42.0,1,2,1,1
1.9,61.1,95.4,1,1,0,1
14.0,92.1,39.6,0,4,0,1
7.1,62.0,65.2,0,1,1,1
0.3,40.2,92.0,1,4,0,1
18.0,81.5,91.7,0,4,0,1
10.3,90.6,40.7,0,4,1,1
13.1,50.1,68.7,0,2,0,1
5.6,53.5,43.5,0,1,0,1
11.7,71.9,70.1,1,2,1,1
6.7,107.5,33.3,0,4,0,1
5.4,101.3,73.2,1,2,0,1
10.3,77.5,65.5,0,1,1,1
8.6,57.3,64.7,0,0,0,1
10.3,95.2,67.6,0,2,1,1
11.7,63.1,64.5,1,1,0,1
16.9,57.4,60.1,1,3,1,1
3.8,63.8,42.8,1,1,0,1
4.7,129.3,55.9,1,0,1,1
19.1,32.9,57.7,0,2,1,1
9.1,75.3,91.3,1,2,1,1
1.1,49.2,40.8,0,4,1,1
6.9,67.4,56.7,1,3,0,1
9.9,34.4,58.5,0,2,0,1
2.9,70.0,51.6,0,3,1,1
10.9,71.5,200.0,1,1,1,1
8.0,88.7,71.0,1,2,1,1
10.9,55.4,56.4,0,2,1,1
7.5,75.3,63.4,0,4,1,1
10.7,64.4,105.1,1,1,0,1
2.2,79.5,72.1,0,4,1,1
8.8,105.6,61.5,0,4,1,1
3.3,58.0,71.9,0,2,0,1
9.6,100.5,86.2,0,2,1,1
7.8,71.9,47.6,0,1,0,1
17.6,76.8,76.5,1,1,1,1
10.8,100.6,77.8,0,1,0,1
3.5,64.0,44.2,1,0,1,1
10.2,57.9,60.9,1,2,0,1
12.3,79.2,76.0,1,4,1,1
7.5,71.7,72.2,0,1,0,1
16.3,80.3,87.8,0,1,1,1
3.7,106.2,66.0,0,1,0,1
8.1,72.7,86.3,0,1,0,1
17.8,76.0,67.3,0,4,0,1
5.7,52.6,65.5,0,1,0,1
13.1,76.7,92.5,1,1,1,1
11.5,29.0,80.9,0,0,1,1
13.5,45.8,62.9,0,3,0,1
7.8,75.3,97.0,0,1,0,1
8.6,104.5,53.5,0,1,1,1
7.7,61.2,33.9,0,3,0,1
17.2,64.6,51.6,1,1,0,1
12.3,66.0,58.7,1,0,0,1
11.7,75.3,67.6,1,2,1,1
16.5,78.9,76.7,0,2,1,1
7.1,63.2,83.0,0,2,1,1
18.4,83.9,55.5,0,2,1,1
3.7,87.0,71.2,0,1,0,1
6.8,59.0,95.4,1,2,1,1
-1.3,73.5,78.2,1,4,1,1
14.2,101.9,62.0,1,2,1,1
7.5,80.3,65.2,0,0,0,1
12.1,55.1,86.6,0,4,1,1
8.0,83.7,57.0,0,3,1,1
9.1,89.5,50.0,1,3,1,1
11.0,93.8,63.1,1,3,0,1
6.5,61.3,87.3,0,1,0,1
-6.1,58.2,60.6,1,1,0,1
5.9,26.0,50.3,0,1,0,1
7.7,75.5,65.2,0,0,0,1
10.3,27.1,65.2,1,3,0,1
9.8,54.7,82.0,1,0,1,1
7.6,91.5,60.6,0,2,1,1
16.2,118.9,68.1,1,0,1,1
5.4,86.3,78.3,0,1,1,1
7.6,66.3,65.2,1,4,1,1
10.0,71.8,52.2,1,2,0,1
13.6,69.8,80.0,1,0,1,1
15.5,82.9,68.6,1,4,0,1
10.9,80.9,96.8,1,0,1,1
11.4,70.0,66.8,0,1,1,1
10.1,106.3,86.9,1,2,0,1
10.3,74.3,80.2,1,4,1,1
6.6,51.1,72.8,1,3,1,1
0.9,101.6,56.3,0,1,1,1
17.1,52.2,31.9,0,2,0,1
-2.8,53.2,94.4,1,2,1,1
4.5,71.8,46.1,0,0,0,1
14.4,89.4,62.5,0,1,0,1
13.7,87.5,74.4,0,2,0,1
8.9,99.8,40.0,0,0,1,1
12.5,71.0,77.0,0,1,1,1
16.8,71.1,54.5,1,1,1,1
15.4,87.6,79.3,1,0,1,1
11.5,86.4,78.2,1,2,1,1
3.9,86.9,75.2,1,1,0,1
10.7,81.7,43.0,0,2,1,1
12.7,76.0,75.4,1,3,0,1
2.6,68.4,73.4,1,3,0,1
12.9,84.7,58.5,0,3,0,1
10.4,77.6,67.2,1,0,1,1
4.8,86.7,45.0,0,3,0,1
13.9,39.3,18.2,1,0,0,1
16.0,89.0,45.0,1,3,0,1
16.3,58.4,36.8,0,2,1,1
9.1,80.8,68.4,1,4,1,1
5.0,55.7,54.0,1,1,1,1
9.0,112.6,53.0,1,0,1,1
2.8,19.0,44.3,0,1,1,1
17.0,81.2,59.2,0,0,0,1
6.8,67.6,57.7,0,0,1,1
12.0,71.7,77.6,1,0,0,1
10.5,121.1,48.9,1,4,0,1
19.5,92.1,65.2,1,4,0,1
7.9,60.1,65.2,0,0,0,1
7.0,75.3,59.6,1,1,0,1
11.1,72.4,70.8,0,2,0,1
17.5,88.1,81.2,0,4,1,1
15.6,81.6,78.4,0,3,0,1
10.5,75.3,72.1,1,2,1,1
15.2,88.6,53.8,1,3,1,1
1.8,96.1,54.7,1,0,0,1
4.1,50.7,48.5,1,0,1,1
4.4,75.3,60.4,0,1,1,1
10.0,75.3,49.1,0,4,1,1
12.7,70.7,58.3,1,0,0,1
5.3,79.7,65.0,1,0,0,1
8.2,110.1,65.2,0,3,0,1
7.3,87.5,84.0,1,3,0,1
8.9,68.0,83.2,1,0,1,1
4.2,125.8,67.6,0,4,0,1
10.0,92.7,72.0,1,4,1,1
7.2,105.5,58.5,1,2,0,1
10.3,86.6,59.9,0,2,1,1
0.7,86.7,51.1,1,0,0,1
12.2,110.9,77.9,1,3,0,1
6.2,114.7,79.2,0,2,0,1
8.9,26.6,44.6,0,3,0,1
-2.3,66.8,65.3,1,3,0,1
20.8,71.6,65.7,0,1,1,1
5.4,55.9,70.9,1,4,1,1
9.3,73.2,49.2,0,2,0,1
4.8,65.5,49.0,0,1,1,1
7.3,58.4,53.4,1,1,0,1
21.8,75.3,48.8,0,2,0,1
11.2,52.1,90.4,1,1,0,1
10.0,73.2,70.5,1,1,1,1
8.7,105.9,86.6,1,1,0,1
2.6,72.6,38.0,1,3,0,1
3.1,79.8,48.5,1,0,1,1
12.6,83.1,67.0,0,3,0,1
16.1,55.2,55.6,1,1,0,1
10.4,88.8,59.1,0,0,1,1
17.6,77.0,69.4,1,1,0,1
2.7,39.9,70.7,0,4,1,1
14.9,71.4,65.2,1,0,1,1
6.4,71.8,69.0,1,3,1,1
5.9,119.9,64.9,1,2,0,1
16.0,71.9,55.2,1,4,1,1
12.5,92.5,63.3,1,1,1,1
17.2,76.7,55.1,0,0,0,1
11.8,84.9,72.4,1,3,1,1
15.9,54.6,72.0,1,2,0,1
10.8,73.0,62.6,0,4,1,1
3.5,80.5,74.2,0,1,1,1
9.0,51.6,70.1,0,1,1,1
6.6,88.3,65.0,1,3,1,1
13.1,81.1,64.8,0,2,0,1
10.2,86.2,82.6,0,3,0,1
2.0,43.6,74.2,1,4,1,1
9.6,100.4,74.0,1,4,1,1
8.5,64.9,68.9,0,2,0,1
20.7,27.8,76.0,0,4,0,1
18.5,103.9,99.1,1,4,0,1
9.4,90.0,81.7,1,0,0,1
9.5,42.6,81.0,1,3,1,1
10.0,57.0,91.4,1,4,0,1
13.2,21.0,60.9,0,1,0,1
6.3,76.9,67.3,0,3,0,1
12.3,107.6,73.9,1,3,0,1
8.6,81.2,63.5,1,4,1,1
4.9,101.5,71.7,0,0,1,1
6.9,30.5,59.3,1,0,1,1
17.5,134.7,46.3,1,0,1,1
10.9,79.1,76.9,0,1,0,1
15.8,57.8,53.2,1,3,1,1
6.0,108.6,64.1,1,0,0,1
10.1,61.6,48.5,1,3,1,1
9.6,69.3,71.2,0,4,0,1
10.7,105.6,62.8,1,1,1,1
10.6,92.9,76.9,1,1,1,1
17.0,75.3,64.3,1,3,1,1
14.2,65.8,62.7,0,3,1,1
15.7,55.2,49.6,0,1,1,1
10.2,111.7,64.9,0,1,0,1
8.7,54.4,65.8,0,3,1,1
10.0,39.4,62.7,1,1,0,1
13.1,84.0,46.3,1,1,0,1
18.3,64.8,60.3,1,1,1,1
3.1,76.1,74.0,1,1,1,1
5.0,51.7,76.1,0,0,1,1
5.7,69.8,53.7,0,4,1,1
5.1,85.5,54.9,0,1,0,1
21.0,107.5,51.6,1,1,1,1
4.6,50.8,83.7,1,0,1,1
1.6,20.8,84.1,1,4,0,1
10.3,82.8,68.2,0,4,0,1
9.2,80.4,55.3,1,3,1,1
10.0,62.6,66.6,1,0,0,1
7.7,75.3,77.1,0,1,1,1
12.7,63.1,62.4,1,4,1,1
15.9,80.4,45.3,0,1,1,1
15.8,77.5,55.3,1,4,1,1
10.0,107.8,41.9,1,4,0,1
10.8,118.9,42.9,0,3,0,1
16.0,98.0,72.4,0,1,1,1
21.2,77.8,57.8,0,0,1,1
8.8,78.0,61.1,1,3,0,1
16.2,73.6,58.3,0,4,1,1
16.9,64.6,40.9,0,0,1,1
10.8,63.8,97.2,1,0,1,1
16.1,78.2,78.6,0,4,1,1
17.8,43.6,84.5,0,0,0,1
4.7,75.5,65.2,0,0,1,1
7.6,98.6,58.4,0,0,0,1
6.4,62.7,86.3,0,0,0,1
8.3,84.9,87.6,0,4,0,1
15.9,90.9,59.1,1,2,1,1
9.3,68.3,54.4,1,2,0,1
8.3,52.3,80.3,1,2,1,1
9.7,67.2,76.9,0,0,0,1
3.4,69.8,52.0,0,0,1,1
11.2,114.0,65.7,0,1,1,1
3.8,75.3,69.1,1,3,1,1
10.6,81.3,51.7,0,2,0,1
9.2,75.3,66.3,1,1,0,1
4.8,91.5,54.4,0,2,1,1
8.4,39.5,64.4,0,4,0,1
8.7,108.9,68.8,1,3,0,1
3.9,68.0,51.0,1,0,1,1
5.4,63.6,46.2,1,2,1,1
6.6,75.3,82.9,1,1,1,1
2.5,75.3,46.3,1,4,0,1
14.1,84.8,64.7,0,3,0,1
5.9,60.5,59.8,1,0,1,1
20.5,53.0,71.5,0,0,0,1
20.7,94.7,81.2,1,3,0,1
8.9,75.3,70.9,0,4,0,1
4.4,107.7,66.7,1,0,0,1
6.1,62.3,71.8,0,4,1,1
11.6,66.7,81.1,0,1,0,1
5.1,67.2,95.9,0,4,1,1
9.8,110.9,58.7,0,4,1,1
10.0,82.8,67.6,1,4,0,1
12.7,81.4,64.8,0,2,1,1
15.0,75.3,60.2,1,1,1,1
0.6,116.2,56.1,1,1,1,1
18.7,72.8,33.5,0,3,1,1
19.4,68.1,42.0,0,3,1,1
10.0,89.0,72.8,1,1,0,1
7.6,63.2,62.7,1,2,1,1
11.7,72.0,62.1,1,3,0,1
15.6,26.0,67.4,1,2,1,1
8.8,72.1,37.9,1,3,1,1
6.8,45.7,65.5,0,0,0,1
8.0,95.8,68.6,0,3,1,1
8.8,89.3,72.7,0,4,0,1
6.8,55.5,38.8,1,0,0,1
9.3,87.3,61.2,1,0,1,1
15.0,85.2,80.9,1,1,1,1
14.2,90.7,59.7,1,1,1,1
4.1,84.2,46.9,0,1,1,1
12.2,85.5,57.5,1,0,0,1
10.1,68.5,90.3,1,3,1,1
7.8,75.3,76.7,1,0,1,1
19.0,50.8,94.4,0,3,0,1
3.1,75.3,74.8,0,4,0,1
8.4,66.1,28.0,0,1,0,1
18.2,75.3,70.5,1,4,0,1
4.5,85.2,66.1,1,1,1,1
20.5,80.7,80.5,1,1,1,1
7.7,56.6,68.0,1,1,1,1
10.4,97.8,51.9,1,0,0,1
6.1,99.0,50.7,0,2,1,1
11.9,40.9,48.5,0,2,0,1
13.4,90.0,60.5,1,1,1,1
17.0,63.6,51.9,1,0,1,1
7.2,45.5,40.0,0,0,0,1
12.8,98.8,81.1,1,4,1,1
-0.6,97.8,55.3,0,2,1,1
13.2,107.3,75.1,0,0,1,1
10.0,91.8,92.1,1,2,0,1
19.3,41.4,66.9,1,3,0,1
14.0,85.3,47.9,1,2,1,1
15.2,83.6,55.8,0,3,1,1
16.1,88.9,54.3,1,0,1,1
13.7,97.5,49.5,1,3,1,1
15.7,73.3,40.7,0,4,1,1
13.1,99.0,66.9,1,2,1,1
5.6,62.3,53.0,1,3,1,1
7.0,74.3,60.7,1,4,0,1
10.4,68.0,70.4,0,2,0,1
9.1,54.6,52.4,1,1,0,1
5.7,120.1,71.0,1,3,1,1
10.0,89.3,67.6,1,4,0,1
13.9,83.9,92.3,1,0,0,1
12.3,117.4,79.4,1,0,1,1
13.2,71.2,55.7,1,4,0,1
20.9,61.5,61.8,0,2,0,1
9.8,106.3,58.4,0,3,1,1
2.6,44.6,53.3,1,1,0,1
13.7,65.6,51.4,0,3,0,1
18.8,57.5,58.5,1,3,1,1
10.6,77.7,69.3,1,3,1,1
13.3,83.5,46.7,0,3,0,1
10.9,76.3,51.9,1,2,0,1
15.4,66.4,72.6,1,3,0,1
9.7,108.2,51.4,0,2,0,1
7.0,91.9,88.8,1,4,1,1
13.2,84.5,66.4,1,2,1,1
12.3,67.9,57.9,0,3,1,1
6.8,59.8,58.0,0,3,0,1
11.2,77.3,63.0,1,4,0,1
11.3,93.3,72.3,1,2,1,1
4.5,60.5,85.4,0,3,1,1
-0.0,97.1,57.6,1,3,1,1
12.1,82.9,73.1,0,1,1,1
20.1,99.9,74.4,0,2,1,1
10.0,59.6,66.3,1,1,0,1
14.3,94.8,96.1,0,3,0,1
11.4,76.2,66.0,1,4,1,1
13.6,57.8,87.4,0,1,0,1
6.6,98.4,59.2,0,3,1,1
13.3,124.2,51.4,0,1,1,1
9.7,59.5,76.6,0,4,1,1
17.3,105.3,65.0,1,4,1,1
11.8,98.3,65.3,0,4,0,1
-4.0,84.8,56.5,1,2,0,1
3.3,83.2,61.7,0,3,0,1
15.1,87.8,38.5,0,2,0,1
12.2,96.4,52.9,0,0,0,1
-3.5,94.1,85.1,0,4,0,1
14.0,48.5,57.8,1,4,1,1
12.4,90.9,85.3,1,0,1,1
12.9,65.8,69.3,1,1,0,1
-5.1,79.5,52.2,0,0,0,1
7.7,75.3,70.1,0,3,0,1
18.9,63.5,59.4,0,1,0,1
9.5,48.6,65.2,1,2,1,1
3.7,86.0,50.3,0,2,0,1
4.5,69.0,50.4,1,4,1,1
-0.5,72.1,77.2,0,2,1,1
10.6,85.1,74.9,0,1,1,1
7.7,100.4,63.0,1,0,1,1
2.3,51.1,94.2,0,1,1,1
13.1,98.4,72.2,1,3,0,1
14.3,80.0,81.5,1,1,0,1
7.1,88.4,69.8,0,1,1,1
12.8,83.9,74.3,1,3,0,1
11.7,75.3,39.7,1,2,0,1
12.6,75.3,67.0,1,3,1,1
10.0,66.3,85.1,0,2,1,1
9.7,49.4,52.8,0,3,0,1
5.2,70.5,52.2,1,3,1,1
10.7,65.1,56.3,0,2,1,1
7.3,98.9,67.3,0,1,1,1
12.6,79.1,52.3,1,4,0,1
4.3,75.3,65.2,1,1,0,1
-2.9,64.1,43.2,1,2,1,1
14.1,60.9,60.9,0,1,0,1
10.0,75.3,60.7,0,1,0,1
3.3,74.4,68.5,0,4,1,1
6.3,75.0,79.4,1,3,0,1
16.2,75.3,65.4,1,4,0,1
8.3,26.9,58.5,0,4,0,1
3.6,64.7,59.9,0,4,0,1
2.7,87.2,47.5,0,2,0,1
10.3,34.6,65.3,0,0,1,1
9.8,87.2,64.8,0,0,0,1
10.0,64.4,66.3,0,4,1,1
9.2,66.8,66.6,0,0,1,1
6.0,76.9,57.2,1,3,0,1
8.3,29.8,63.0,1,3,1,1
14.2,81.1,61.6,1,2,0,1
-0.2,75.3,65.2,0,1,1,1
16.1,121.2,73.9,1,1,1,1
-0.2,70.3,62.7,1,4,0,1
8.7,46.6,59.6,0,2,0,1
10.0,75.7,45.5,0,2,0,1
2.9,59.5,64.9,0,4,0,1
14.0,71.0,45.0,1,3,1,1
13.0,94.6,66.9,0,2,0,1
12.8,68.7,56.2,0,4,1,1
4.1,80.2,66.9,1,2,1,1
2.7,64.5,50.7,1,4,1,1
7.4,54.5,82.7,0,1,0,1
5.4,99.6,65.2,0,1,0,1
5.4,75.4,36.0,1,0,0,1
11.7,67.8,80.8,0,1,0,1
8.9,46.3,59.7,0,1,1,1
7.8,86.2,61.0,1,0,1,1
7.5,78.7,38.7,1,4,1,1
5.3,61.5,66.1,0,1,1,1
9.7,64.2,98.3,0,4,1,1
6.2,84.9,62.0,1,0,1,1
13.3,67.4,62.7,0,2,1,1
14.7,86.0,31.3,1,2,1,1
12.4,92.6,99.2,0,2,1,1
12.2,62.3,60.6,1,4,0,1
12.5,75.3,54.4,0,1,0,1
7.1,87.3,102.4,1,4,0,1
17.4,36.7,65.2,0,3,1,1
16.5,29.5,39.3,1,4,1,1
10.1,51.8,70.3,1,1,1,1
9.1,99.2,55.3,0,1,1,1
10.0,67.6,80.1,0,0,0,1
9.2,86.0,74.3,0,1,1,1
14.0,85.9,87.0,1,3,0,1
20.4,56.8,66.8,0,1,0,1
14.5,49.8,42.6,1,1,1,1
18.4,75.1,89.2,0,2,1,1
8.7,88.1,63.4,0,0,1,1
19.6,81.3,65.8,1,3,0,1
11.1,74.4,73.1,1,0,1,1
16.9,39.1,57.8,1,4,0,1
4.7,68.4,62.8,1,3,1,1
11.1,83.1,56.6,1,0,0,1
12.3,80.1,52.6,1,3,0,1
11.2,81.4,64.4,1,3,1,1
9.7,79.2,65.3,1,2,1,1
6.6,75.3,79.4,1,4,1,1
9.3,72.5,80.0,0,1,0,1
10.0,59.9,62.8,0,2,1,1
7.9,85.9,50.3,0,3,1,1
10.2,91.4,66.4,0,0,1,1
11.1,81.3,56.4,1,2,1,1
6.6,49.2,89.7,0,2,0,1
11.7,71.9,200.0,1,1,0,1
17.1,79.1,87.5,1,2,0,1
3.5,39.1,65.8,0,4,1,1
11.1,67.1,76.3,0,3,0,1
10.0,99.3,94.4,0,0,0,1
2.3,80.3,76.5,1,3,0,1
9.2,46.7,73.6,0,1,1,1
9.5,70.4,49.9,0,3,0,1
5.2,55.7,56.1,1,0,1,1
20.8,49.3,46.7,1,4,0,1
10.2,55.8,54.8,0,2,0,1
22.8,39.3,56.3,0,2,1,1
21.3,65.6,67.5,0,0,0,1
15.4,63.8,56.5,1,0,1,1
10.0,74.7,60.5,0,4,0,1
10.0,95.2,69.0,0,1,0,1
17.5,107.8,70.6,0,2,0,1
14.9,87.0,93.0,0,2,0,1
10.6,102.9,76.5,0,3,1,1
2.1,85.3,73.4,1,0,0,1
10.0,70.8,66.6,1,1,1,1
10.0,77.1,67.2,1,0,1,1
-1.5,74.2,60.0,1,1,0,1
9.8,57.8,50.8,1,2,1,1
10.4,92.0,39.3,0,2,1,1
8.3,106.4,66.8,0,1,0,1
13.4,121.6,47.9,0,3,1,1
9.8,76.7,58.2,1,4,1,1
8.5,38.5,60.9,0,3,1,1
7.0,53.5,57.2,1,1,1,1
5.7,100.6,57.0,1,3,0,1
12.5,48.3,65.2,0,3,0,1
12.3,103.4,63.4,0,3,1,1
10.0,39.9,48.3,1,4,1,1
14.9,95.6,67.9,0,1,1,1
17.1,79.2,70.2,1,2,0,1
9.6,85.6,98.4,0,3,1,1
9.6,36.6,58.9,0,4,0,1
6.7,61.1,76.7,1,1,1,1
9.9,63.0,47.8,0,4,1,1
15.7,93.3,58.3,0,3,0,1
9.6,73.9,71.7,1,0,1,1
7.3,93.0,44.1,1,0,0,1
17.3,58.1,65.2,1,2,0,1
10.1,68.5,86.2,0,4,1,1
6.9,71.5,89.4,0,2,1,1
17.4,55.1,63.7,0,4,0,1
2.8,61.2,75.2,0,2,1,1
14.0,64.1,51.1,0,0,1,1
10.9,87.1,50.1,1,1,0,1
7.1,65.5,71.2,0,1,0,1
4.3,99.1,49.3,0,3,1,1
19.0,75.3,33.4,1,3,1,1
15.1,96.4,47.6,1,0,1,1
10.5,74.4,96.3,0,0,0,1
6.7,95.6,63.8,1,4,1,1
10.0,68.2,66.7,0,1,0,1
13.3,68.3,70.6,1,4,0,1
12.7,67.0,87.7,0,3,0,1
12.8,38.1,71.7,1,1,1,1
10.1,68.8,61.7,0,3,1,1
4.4,58.0,37.0,1,1,0,1
8.9,68.4,60.3,0,4,1,1
9.2,91.8,101.7,1,3,0,1
4.1,41.1,80.9,1,4,0,1
16.6,62.4,65.0,0,1,1,1
10.5,89.9,65.2,1,4,0,1
5.1,63.9,59.5,1,3,1,1
10.5,75.3,72.5,1,1,1,1
9.2,90.4,78.2,1,4,0,1
3.9,68.9,78.3,0,1,1,1
15.2,92.8,61.0,0,1,1,1
11.0,84.1,57.1,0,1,1,1
13.4,82.9,63.9,1,2,1,1
10.0,75.5,65.4,1,4,1,1
11.1,74.9,70.5,0,1,0,1
17.1,75.3,97.3,0,2,1,1
8.9,62.2,75.4,1,2,1,1
13.0,87.6,46.1,0,0,0,1
12.9,60.5,47.9,1,3,1,1
13.4,66.0,65.2,0,1,0,1
6.1,91.8,74.4,0,4,0,1
6.1,83.6,76.9,0,1,0,1
0.7,75.7,30.7,0,1,0,1
12.0,116.7,65.9,1,4,0,1
7.5,64.9,76.4,0,1,0,1
7.4,37.9,65.2,0,3,1,1
14.0,65.6,46.6,1,0,1,1
22.2,102.1,87.4,0,0,1,1
13.8,46.4,49.1,1,1,1,1
16.7,48.5,200.0,0,2,0,1
5.3,59.7,65.2,1,0,1,1
4.7,94.8,101.0,0,4,0,1
11.4,51.0,47.1,1,4,1,1
8.8,55.7,59.6,0,2,0,1
8.5,66.5,48.5,1,3,1,1
19.4,84.6,73.3,0,1,0,1
2.7,83.7,69.8,0,4,1,1
8.0,47.1,73.2,0,3,0,1
10.1,109.9,75.6,1,0,1,1
10.0,83.9,58.2,1,3,1,1
9.6,36.2,60.5,0,1,0,1
9.6,92.9,70.5,0,1,1,1
9.0,109.0,33.0,0,4,0,1
2.7,94.0,63.4,0,0,0,1
9.0,55.5,50.7,1,0,0,1
6.3,83.7,70.3,1,0,0,1
5.1,54.0,53.3,1,4,0,1
14.5,73.2,70.1,1,0,1,1
3.3,78.3,74.4,1,0,1,1
11.7,67.6,51.7,1,0,0,1
9.5,64.8,63.2,0,0,0,1
8.2,73.1,45.8,0,1,0,1
11.2,88.9,77.4,1,2,0,1
8.1,40.5,66.8,1,2,0,1
9.4,99.3,44.0,1,2,1,1
14.4,53.8,70.4,0,0,0,1
12.9,66.3,65.2,0,1,1,1
6.7,102.2,71.7,1,1,0,1
10.4,75.3,84.8,1,0,1,1
5.2,80.9,71.1,0,2,1,1
6.9,86.6,25.6,0,1,0,1
3.9,29.3,70.0,1,3,0,1
7.3,67.0,78.1,1,2,1,1
6.6,39.1,86.6,1,3,0,1
6.0,95.5,70.9,1,4,1,1
3.5,49.6,57.7,1,2,1,1
4.9,83.3,99.3,0,1,0,1
12.5,67.8,63.9,0,3,1,1
12.6,75.3,43.5,0,3,0,1
10.0,69.1,83.8,0,0,0,1
0.7,55.4,65.2,1,0,1,1
10.0,81.9,81.3,0,3,0,1
8.2,49.8,93.6,1,3,1,1
3.3,48.3,49.2,1,0,0,1
8.2,62.7,67.5,1,1,1,1
2.1,77.5,58.4,0,1,0,1
4.3,74.7,54.8,1,2,1,1
8.3,56.4,52.4,1,3,1,1
9.8,80.0,54.2,1,3,1,1
-1.0,106.3,43.9,1,2,1,1
14.3,101.2,82.1,0,1,1,1
6.0,108.5,74.4,1,0,0,1
5.3,61.0,82.1,0,1,1,1
15.4,68.9,67.8,1,1,0,1
10.0,61.4,61.6,0,3,0,1
17.4,76.0,69.7,0,2,1,1
13.2,91.8,84.7,1,1,0,1
10.5,63.4,75.8,0,1,0,1
16.3,83.5,82.0,0,4,1,1
14.9,92.1,63.1,0,3,0,1
21.6,101.2,78.5,1,4,0,1
7.6,105.1,74.9,1,3,0,1
13.9,97.2,63.5,1,4,0,1
14.8,71.6,65.2,0,4,0,1
10.2,68.5,46.2,1,1,0,1
10.9,99.8,34.5,1,3,1,1
3.1,109.4,57.3,0,4,0,1
12.6,114.2,65.2,0,4,0,1
12.3,69.2,58.8,0,0,1,1
8.0,71.3,59.6,0,3,0,1
6.7,65.6,93.0,1,3,0,1
3.0,70.4,46.9,0,1,1,1
15.9,59.2,78.7,1,2,1,1
10.4,74.5,65.3,1,3,1,1
20.9,93.7,67.2,1,4,1,1
19.8,81.4,57.1,0,4,1,1
4.4,80.8,65.2,0,4,1,1
11.8,108.8,23.6,1,4,0,1
11.9,75.3,68.8,1,2,1,1
11.0,77.7,85.6,1,3,0,1
5.0,68.2,54.6,1,2,1,1
22.7,86.0,78.3,1,4,1,1
10.5,64.5,81.1,1,2,1,1
11.1,89.4,97.5,0,4,1,1
9.0,63.7,54.0,1,3,0,1
9.0,57.7,85.7,1,2,1,1
2.4,57.0,64.9,1,2,0,1
5.4,52.6,65.2,0,4,1,1
0.0,75.3,80.7,1,0,1,1
1.9,73.9,56.1,1,0,0,1
8.4,110.3,58.1,0,4,1,1
9.5,76.7,68.7,1,2,0,1
0.3,77.2,50.8,1,2,0,1
12.0,56.7,68.8,0,1,1,1
6.7,101.4,83.4,0,4,1,1
10.6,35.7,200.0,0,0,1,1
14.0,76.0,53.4,1,3,0,1
5.5,55.5,85.6,0,4,1,1
14.8,64.0,65.2,0,2,0,1
0.1,80.6,72.0,0,3,1,1
11.4,44.2,67.6,0,2,0,1
7.0,71.8,66.7,0,2,0,1
9.4,59.4,78.0,1,2,1,1
8.0,56.4,81.3,0,0,0,1
9.6,81.9,78.8,0,0,0,1
9.5,77.9,200.0,1,1,1,1
1.4,61.1,81.3,1,0,1,1
-3.8,93.9,45.0,1,4,0,1
2.1,88.8,84.9,1,1,1,1
15.7,59.9,41.9,1,1,1,1
15.4,84.8,62.9,0,3,1,1
7.1,67.1,60.8,0,2,1,1
14.1,74.9,55.3,1,0,1,1
11.8,60.5,60.0,1,4,1,1
8.6,78.4,38.8,1,1,1,1
12.3,67.9,68.3,0,3,0,1
13.5,81.0,48.6,0,3,1,1
14.2,82.4,57.8,1,2,0,1
10.6,85.0,65.2,0,0,0,1
16.5,106.5,55.6,0,2,0,1
16.4,57.4,66.0,0,1,0,1
13.0,56.8,71.0,0,3,0,1
10.7,78.0,50.6,1,3,1,1
5.1,69.1,43.9,1,1,1,1
14.4,44.6,91.7,1,2,1,1
2.4,70.1,59.9,0,3,1,1
10.0,91.0,84.8,0,4,0,1
11.3,68.8,80.8,0,2,1,1
4.3,83.0,51.3,0,0,0,1
18.3,86.8,84.4,1,2,0,1
5.3,87.0,65.2,0,1,0,1
9.7,112.3,68.9,0,3,1,1
16.2,57.1,62.4,1,2,1,1
18.4,34.4,62.8,1,1,1,1
6.7,73.5,73.1,0,2,0,1
7.1,75.3,67.4,1,1,1,1
7.8,79.8,71.2,1,0,0,1
17.4,51.3,50.7,1,2,0,1
7.6,99.9,36.4,1,1,0,1
12.4,97.0,85.4,0,4,0,1
5.8,85.8,65.1,0,3,0,1
5.6,97.5,42.9,0,2,0,1
11.3,47.7,82.0,1,2,1,1
12.7,85.5,32.2,1,1,0,1
21.2,57.5,61.2,0,3,1,1
14.1,63.8,62.3,1,4,1,1
5.9,92.6,58.4,1,0,0,1
13.4,56.2,66.8,0,0,0,1
9.2,77.7,64.5,0,0,1,1
5.9,93.8,74.9,0,2,1,1
5.4,45.2,50.4,1,3,0,1
15.8,56.6,66.1,1,3,1,1
8.7,47.7,85.8,1,3,1,1
5.7,75.3,73.9,1,2,1,1
6.9,90.6,65.2,1,1,1,1
13.2,58.6,80.1,1,2,0,1
5.8,91.7,88.6,1,4,1,1
2.9,87.8,73.3,0,4,0,1
6.6,92.5,39.3,1,2,1,1
9.1,103.9,30.3,0,3,0,1
16.3,75.3,50.4,0,2,1,1
6.2,107.5,100.7,1,4,1,1
10.0,60.8,40.0,1,4,1,1
2.7,73.6,65.2,1,1,1,1
5.6,81.2,72.6,1,0,1,1
8.2,69.9,51.5,0,0,0,1
11.4,78.7,80.0,1,0,1,1
10.7,76.4,57.9,1,1,1,1
18.4,40.6,55.3,0,2,0,1
-0.0,73.4,56.8,0,3,1,1
13.4,43.2,24.7,1,2,0,1
5.5,98.1,66.9,0,1,1,1
13.9,84.4,29.7,0,0,0,1
12.1,24.7,76.9,0,2,1,1
14.6,79.7,59.0,0,1,0,1
8.2,91.0,65.2,0,0,1,1
9.8,73.4,65.0,0,3,0,1
6.8,61.5,39.6,1,0,0,1
14.6,71.4,73.5,0,2,0,1
9.0,41.0,77.3,0,1,1,1
2.5,95.6,82.2,1,2,1,1
20.4,37.9,81.1,0,0,0,1
7.6,89.4,63.0,1,1,1,1
26.1,67.3,51.7,1,2,1,1
5.9,50.1,58.2,0,1,0,1
13.0,106.5,65.2,0,0,0,1
11.2,82.9,67.6,1,3,0,1
10.0,69.8,65.2,0,2,1,1
6.4,70.5,76.3,0,0,1,1
13.4,82.3,63.9,1,1,0,1
11.2,109.4,43.2,0,4,0,1
10.0,100.2,37.8,0,0,0,1
13.4,84.8,27.0,1,2,1,1
16.5,75.3,97.0,1,2,0,1
8.0,75.3,62.4,1,4,0,1
10.4,88.6,78.1,0,3,1,1
11.1,70.8,53.6,0,4,1,1
6.6,100.7,48.6,1,1,1,1
15.7,41.2,59.8,1,3,0,1
9.2,96.0,53.0,1,4,1,1
3.1,64.4,45.7,0,1,0,1
11.3,94.6,86.9,1,3,0,1
16.2,99.2,82.6,0,4,1,1
15.4,70.5,84.8,0,2,0,1
10.0,51.7,39.1,1,2,0,1
10.0,73.8,67.7,0,1,1,1
14.4,82.3,56.9,0,3,0,1
7.8,87.0,67.1,0,2,1,1
3.3,102.0,76.8,0,3,1,1
17.7,100.2,68.2,0,2,1,1
12.1,80.1,84.7,0,4,1,1
13.5,90.9,53.9,1,0,1,1
5.5,89.7,69.2,1,3,1,1
8.2,49.2,59.7,0,4,1,1
9.4,38.7,39.7,1,4,1,1
8.8,75.3,54.7,0,1,1,1
7.4,86.8,76.5,0,1,1,1
14.6,115.2,82.4,1,1,1,1
4.6,86.1,69.2,1,1,1,1
8.4,98.0,69.9,0,1,0,1
6.7,67.3,63.9,0,2,0,1
9.3,98.5,48.6,0,3,1,1
13.3,75.3,83.1,1,2,1,1
6.3,70.9,90.2,0,3,1,1
12.8,75.3,65.0,1,1,0,1
14.5,75.8,61.1,1,2,0,1
10.7,81.9,49.8,1,1,0,1
13.3,118.1,90.8,1,0,1,1
11.7,90.4,72.7,0,2,1,1
1.7,69.6,81.3,1,4,1,1
6.4,40.9,65.2,1,4,1,1
3.3,87.1,57.4,0,4,1,1
16.8,94.0,85.8,0,4,0,1
11.5,118.5,28.4,0,4,1,1
10.8,74.5,68.4,1,3,1,1
2.9,95.1,30.7,0,1,1,1
7.5,87.0,48.5,0,1,1,1
5.5,69.7,77.9,1,3,1,1
3.6,84.3,65.7,0,1,1,1
11.4,100.1,61.0,0,0,1,1
12.3,49.7,56.5,0,4,0,1
19.5,48.8,58.9,0,2,1,1
13.6,88.3,76.4,1,4,1,1
6.0,108.1,85.0,1,0,1,1
13.4,47.8,94.0,0,3,0,1
13.6,99.3,66.2,0,3,1,1
12.8,44.3,71.5,0,0,1,1
6.4,70.4,68.9,0,4,0,1
-2.4,150.0,75.5,1,2,0,1
9.2,52.2,59.5,0,2,1,1
10.4,84.1,77.0,1,1,0,1
7.0,56.8,73.5,1,2,0,1
4.8,76.6,64.8,0,1,0,1
9.2,90.0,81.0,1,1,1,1
15.4,76.9,60.9,1,4,0,1
7.3,103.4,90.4,1,3,1,1
10.0,75.8,85.4,1,0,1,1
11.6,91.5,68.9,0,0,1,1
8.0,62.0,82.0,0,1,0,1
6.3,79.7,78.0,0,0,1,1
14.6,89.8,72.8,0,1,0,1
10.1,90.9,81.5,1,0,0,1
4.8,57.0,57.6,0,0,0,1
6.7,101.0,68.6,1,4,0,1
4.0,57.0,104.0,0,3,0,1
10.8,86.4,47.1,0,4,1,1
13.3,80.0,64.4,0,4,1,1
21.1,75.3,81.4,1,0,1,1
17.0,50.2,69.4,0,0,0,1
6.4,113.0,65.2,1,2,1,1
3.9,69.2,84.7,1,1,1,1
9.4,96.8,76.3,0,4,0,1
11.1,82.0,75.5,0,1,0,1
9.5,86.4,68.7,1,2,0,1
18.6,150.0,65.2,0,1,1,1
10.0,77.4,79.8,0,1,1,1
9.1,101.8,88.5,1,1,1,1
10.0,63.8,67.6,1,1,1,1
17.8,78.5,80.0,0,2,1,1
16.4,84.6,65.2,0,2,1,1
3.4,76.6,60.7,1,2,1,1
9.2,69.9,53.8,1,0,0,1
16.2,63.4,69.7,0,0,0,1
2.7,60.5,40.3,0,4,1,1
13.2,44.1,54.4,1,2,1,1
13.1,111.2,50.2,0,0,1,1
20.3,39.7,72.2,0,1,0,1
10.1,84.9,52.5,0,1,1,1
10.3,72.9,57.1,0,1,0,1
12.7,85.6,36.5,0,0,1,1
12.6,67.9,73.7,0,1,0,1
3.3,52.8,82.9,0,1,0,1
-1.2,58.4,53.7,0,3,1,1
11.4,80.2,68.8,0,3,0,1
10.0,90.2,68.9,1,1,1,1
18.5,73.4,80.5,1,1,1,1
11.3,75.3,62.9,1,2,1,1
8.8,73.0,71.9,1,2,0,1
8.2,50.7,84.5,1,0,1,1
5.6,67.2,67.0,0,1,1,1
18.6,56.7,94.4,1,3,0,1
1.7,81.0,73.9,0,1,1,1
5.5,42.0,75.9,1,0,1,1
2.8,79.8,67.1,0,4,1,1
6.2,81.1,54.5,1,2,1,1
9.2,77.8,84.8,1,1,1,1
5.3,45.7,66.7,0,2,0,1
5.0,99.9,60.9,1,4,1,1
10.2,78.5,58.2,0,1,1,1
3.8,100.4,74.0,0,0,0,1
10.9,43.2,74.1,0,0,0,1
11.3,62.4,87.9,1,2,1,1
20.0,95.1,55.2,1,0,1,1
10.5,85.3,65.2,1,1,1,1
16.4,92.9,77.1,1,0,1,1
14.0,114.7,59.2,0,3,1,1
12.6,61.3,72.1,1,4,1,1
9.6,45.6,58.2,0,0,0,1
10.6,63.7,50.1,1,3,1,1
9.2,26.2,65.2,1,0,1,1
10.9,57.0,91.9,1,0,0,1
8.4,75.4,71.3,0,3,1,1
9.2,75.5,70.2,1,2,0,1
5.4,73.5,48.6,0,2,1,1
9.0,67.1,52.9,0,0,1,1
3.8,52.1,61.4,0,2,0,1
8.5,84.2,48.5,0,4,1,1
8.1,59.8,43.5,1,1,1,1
10.0,76.9,65.0,0,3,0,1
5.8,59.8,54.6,0,2,0,1
9.0,52.1,63.3,0,1,0,1
13.8,75.7,65.2,1,1,0,1
4.4,104.2,57.2,1,4,0,1
10.2,74.6,55.8,1,3,0,1
14.5,74.1,71.7,1,3,1,1
17.8,85.5,45.4,0,1,0,1
5.2,59.4,53.5,1,4,0,1
7.0,70.8,43.3,1,0,1,1
9.6,75.4,64.0,1,0,1,1
-1.4,67.1,64.8,1,1,1,1
12.8,81.6,33.5,1,4,0,1
10.0,82.7,73.8,1,4,0,1
9.9,94.8,82.1,1,4,0,1
10.6,48.2,50.1,1,0,0,1
13.0,88.9,78.7,0,4,1,1
8.7,75.5,84.5,0,2,1,1
16.3,57.9,65.2,1,1,1,1
9.0,64.7,59.9,0,1,1,1
7.9,72.8,45.7,0,0,1,1
12.3,73.6,81.5,1,4,1,1
10.4,58.6,65.2,1,1,0,1
12.8,49.0,52.9,1,4,0,1
13.7,76.2,63.1,0,1,1,1
7.5,92.8,43.2,0,3,1,1
3.8,112.5,46.7,0,1,1,1
7.2,62.8,75.5,0,1,1,1
12.1,111.0,89.1,1,1,0,1
10.0,71.8,55.2,0,2,1,1
6.5,45.0,59.5,0,4,1,1
10.0,74.2,45.4,0,2,0,1
18.4,55.1,58.7,1,0,1,1
14.0,63.3,72.8,1,4,0,1
8.5,82.0,92.9,0,0,1,1
11.2,98.7,65.2,0,1,0,1
2.7,50.2,73.7,0,2,1,1
12.5,66.6,68.6,1,1,1,1
15.9,79.4,41.9,0,1,0,1
11.8,34.1,75.9,0,4,0,1
2.4,89.7,49.4,1,3,0,1
8.4,87.1,72.7,0,1,1,1
7.0,55.8,64.2,0,3,0,1
9.2,105.6,81.5,0,0,0,1
7.8,96.2,70.6,1,0,1,1
6.8,74.1,60.1,1,2,1,1
5.4,68.6,44.1,0,1,0,1
5.2,72.1,77.4,1,0,0,1
1.9,87.4,67.3,0,1,1,1
5.0,111.7,73.0,0,2,0,1
6.3,80.9,72.1,0,3,0,1
13.8,74.3,55.8,0,4,1,1
6.0,82.8,67.7,1,0,1,1
1.1,110.0,76.0,1,2,1,1
15.7,95.4,76.8,0,1,1,1
9.2,49.9,78.1,0,1,0,1
11.2,62.7,200.0,1,0,1,1
17.3,79.0,56.7,1,1,0,1
8.9,72.4,31.8,0,4,1,1
6.6,88.5,71.0,0,4,1,1
12.2,97.5,75.8,0,2,0,1
10.0,61.7,76.6,0,0,0,1
8.4,64.6,59.5,1,3,1,1
3.4,72.5,58.3,0,3,0,1
3.4,79.0,59.5,0,4,0,1
11.2,68.3,53.5,1,3,0,1
14.3,78.0,61.8,0,0,1,1
15.7,32.3,71.3,0,1,0,1
12.9,70.1,60.9,0,3,1,1
7.5,88.3,65.2,1,1,1,1
13.7,96.1,89.6,1,1,0,1
5.1,35.6,47.7,1,1,0,1
4.9,55.5,60.6,0,4,0,1
9.0,84.9,64.1,1,1,1,1
18.8,79.7,77.0,0,2,1,1
12.3,99.1,86.2,1,0,1,1
5.7,104.4,65.2,1,1,0,1
12.0,85.9,87.4,1,3,1,1
-1.0,32.2,73.2,0,4,0,1
18.7,111.6,65.2,0,4,0,1
3.0,60.8,60.0,0,4,0,1
5.6,64.9,85.6,0,3,0,1
11.5,97.6,56.9,1,0,0,1
3.1,64.7,89.1,0,1,0,1
4.9,75.3,68.0,0,0,0,1
13.1,78.3,76.5,0,3,0,1
13.2,65.0,68.9,0,3,1,1
13.7,75.0,73.7,1,1,1,1
3.2,88.3,89.1,1,0,1,1
7.9,74.0,82.1,0,3,1,1
14.0,39.0,71.5,0,1,0,1
10.8,56.5,93.2,0,2,0,1
5.3,75.3,83.2,0,0,1,1
3.2,49.7,48.4,1,1,1,1
8.0,95.9,62.6,0,4,0,1
10.9,51.5,63.6,0,2,0,1
9.7,77.0,81.7,1,3,0,1
10.9,60.7,65.2,0,0,1,1
14.2,99.9,65.2,0,1,1,1
6.4,63.6,67.2,1,3,0,1
10.0,150.0,68.3,0,0,1,1
15.4,71.0,75.5,1,1,0,1
9.4,62.3,57.9,1,4,0,1
14.3,33.8,96.8,0,0,0,1
7.1,44.3,95.2,1,1,1,1
9.7,56.3,49.1,1,2,0,1
10.0,91.1,78.8,1,0,1,1
22.2,74.7,60.2,0,0,0,1
8.8,93.1,55.7,0,2,1,1
16.2,71.3,69.1,0,1,1,1
12.6,83.1,75.1,0,1,1,1
11.0,36.9,74.1,1,2,1,1
10.5,95.0,77.0,0,1,1,1
9.7,97.0,67.6,0,0,1,1
12.0,71.4,54.8,0,4,0,1
3.3,104.8,78.5,0,1,1,1
7.0,52.1,56.3,1,1,0,1
9.3,36.1,59.2,0,1,1,1
5.3,77.9,61.1,1,3,1,1
16.4,55.2,81.8,1,0,1,1
10.0,98.9,53.8,0,3,0,1
5.1,59.3,89.7,0,1,1,1
14.5,53.1,55.3,0,1,0,1
10.0,89.9,90.5,0,0,0,1
12.2,120.2,40.8,1,4,0,1
17.7,92.8,52.5,0,0,1,1
11.4,92.7,67.2,1,0,0,1
12.5,83.3,68.0,1,1,0,1
10.5,54.2,57.0,1,3,1,1
10.0,78.1,82.8,0,1,1,1
19.3,100.3,39.4,0,0,0,1
2.4,52.7,74.1,1,2,1,1
11.1,93.9,63.9,0,0,0,1
1.9,60.9,50.0,1,1,1,1
4.3,61.3,61.9,1,4,1,1
8.5,71.8,65.2,1,4,1,1
12.7,93.5,54.7,0,2,0,1
5.2,75.3,50.6,1,1,0,1
14.6,75.3,72.6,1,3,0,1
5.1,35.8,68.1,1,0,0,1
9.3,63.6,55.5,0,1,0,1
13.7,49.0,60.1,0,2,0,1
9.6,41.9,86.7,1,3,0,1
15.5,49.9,31.7,1,3,1,1
11.2,64.7,66.7,0,0,1,1
-0.6,101.0,66.4,1,3,1,1
9.5,43.7,47.0,1,0,1,1
10.2,70.9,68.6,0,4,0,1
9.3,71.1,68.2,1,0,0,1
18.8,74.1,63.9,0,2,1,1
15.7,87.8,78.3,1,3,0,1
18.9,37.8,63.7,1,1,1,1
5.8,84.8,66.3,0,4,1,1
17.8,72.7,40.8,0,1,1,1
12.4,99.3,78.5,0,3,1,1
6.5,46.1,62.8,0,1,1,1
4.0,93.3,76.7,1,1,1,1
16.6,22.4,65.2,0,4,1,1
12.2,70.3,70.8,0,3,1,1
8.7,34.5,81.6,0,0,0,1
14.7,57.9,73.9,0,1,0,1
13.5,57.3,57.6,1,0,0,1
16.7,59.2,69.9,0,1,1,1
10.6,61.7,76.4,1,4,0,1
14.7,93.0,64.5,1,2,1,1
11.3,96.6,67.0,0,3,1,1
4.6,104.8,55.9,0,1,0,1
2.3,116.3,60.1,0,0,1,1
16.4,41.6,65.6,0,2,1,1
18.4,68.2,65.2,0,2,1,1
16.7,97.3,73.4,1,4,0,1
8.2,75.6,62.7,0,4,0,1
0.9,76.4,46.6,0,0,1,1
10.8,49.6,39.1,1,2,1,1
12.0,75.6,60.5,0,4,1,1
10.8,96.8,70.8,1,0,0,1
8.1,101.4,45.8,0,3,1,1
6.2,55.5,61.3,1,1,1,1
9.8,79.7,68.7,1,3,0,1
18.8,66.7,50.3,0,2,0,1
9.1,97.8,74.2,1,0,1,1
9.7,68.5,65.2,0,2,1,1
6.7,88.2,77.4,0,2,0,1
5.9,61.8,42.2,1,1,0,1
10.0,91.7,47.8,1,0,0,1
10.5,75.3,55.0,0,1,0,1
2.3,59.9,54.6,1,4,0,1
10.0,86.5,68.5,1,1,0,1
10.0,65.7,65.2,0,2,0,1
5.0,63.9,61.7,0,4,1,1
12.9,75.3,58.2,1,3,0,1
5.5,50.9,102.4,1,1,1,1
18.2,76.3,84.3,0,0,1,1
8.0,61.3,55.6,0,2,0,1
2.8,75.3,84.6,1,3,0,1
8.0,74.0,70.8,0,0,1,1
3.2,97.6,81.4,0,2,1,1
8.3,62.2,54.5,1,0,1,1
18.6,85.1,36.7,0,2,0,1
4.4,66.7,91.2,1,4,0,1
9.1,77.1,46.4,1,4,1,1
6.7,107.4,65.2,1,4,0,1
14.0,81.5,63.5,0,3,1,1
12.1,101.8,69.3,0,2,0,1
13.0,88.4,60.9,0,4,1,1
10.9,75.3,69.6,1,2,0,1
5.2,128.5,57.1,1,4,0,1
14.6,98.3,63.6,0,1,1,1
12.7,85.5,60.3,0,3,0,1
2.1,88.6,84.6,0,1,1,1
6.1,87.0,53.0,1,1,1,1
6.9,78.4,45.6,1,1,0,1
0.9,95.1,58.5,0,2,0,1
20.6,96.2,73.5,1,1,1,1
10.1,47.0,38.2,0,0,1,1
6.8,76.7,53.9,0,0,1,1
1.1,96.9,85.1,1,1,1,1
13.5,75.4,43.5,0,1,1,1
6.6,91.4,89.8,0,0,0,1
10.5,62.8,65.2,0,1,0,1
-4.2,72.7,64.4,0,0,1,1
3.2,80.3,47.2,0,3,1,1
10.0,47.9,91.5,1,4,0,1
14.4,94.6,39.6,0,4,1,1
-1.8,49.3,39.3,1,4,0,1
13.2,48.0,58.8,1,3,1,1
14.6,68.1,42.7,0,4,1,1
11.9,68.3,56.5,0,1,1,1
16.7,108.7,82.0,1,2,0,1
4.1,75.3,44.0,0,0,1,1
7.9,72.6,61.4,0,0,0,1
10.6,135.8,84.5,0,1,1,1
15.6,74.6,71.5,1,2,0,1
11.9,76.3,73.4,1,1,1,1
9.6,84.3,65.2,0,2,1,1
14.0,77.2,75.9,0,2,1,1
8.8,85.9,62.7,0,4,1,1
9.1,108.7,72.7,0,4,1,1
11.2,78.3,90.8,0,3,1,1
7.1,87.9,50.6,0,0,0,1
10.0,75.3,78.0,1,4,1,1
11.4,53.3,53.5,0,4,0,1
14.1,73.1,72.7,0,2,1,1
7.2,119.5,200.0,1,2,1,1
11.8,55.8,63.8,0,0,1,1
13.6,58.4,60.6,0,2,0,1
17.8,76.1,60.7,0,1,1,1
13.2,92.2,74.9,0,0,1,1
12.4,68.5,56.3,1,1,0,1
9.2,102.4,63.1,0,0,1,1
13.7,83.8,90.0,0,3,0,1
20.0,95.2,54.3,0,1,1,1
14.8,109.8,50.2,0,4,0,1
14.5,75.0,65.7,0,0,1,1
-0.4,61.7,73.8,1,1,0,1
12.4,39.7,83.7,0,4,0,1
-0.5,95.5,60.0,0,2,0,1
3.1,54.6,62.0,1,2,0,1
18.5,51.5,65.2,1,2,0,1
6.7,102.6,47.5,0,2,1,1
11.4,103.3,84.0,0,2,0,1
12.8,90.3,31.6,1,1,0,1
8.4,110.1,52.7,0,4,0,1
8.4,54.1,52.4,0,4,0,1
4.7,94.3,53.4,1,0,1,1
0.8,36.1,58.6,1,1,1,1
11.7,96.1,81.2,1,3,0,1
8.7,75.6,66.7,0,4,0,1
3.8,99.1,75.8,0,3,0,1
10.3,68.9,29.8,0,3,0,1
12.9,84.1,61.6,1,2,0,1
8.1,109.0,59.1,0,1,0,1
10.0,95.0,62.0,0,3,0,1
9.1,75.3,52.5,1,3,0,1
8.0,59.5,63.0,1,1,1,1
6.1,69.5,73.2,1,1,1,1
5.2,58.2,82.6,1,0,1,1
11.3,75.3,88.7,0,1,0,1
11.4,56.9,70.8,1,3,0,1
12.2,22.9,73.2,1,0,0,1
12.3,61.0,63.0,1,3,0,1
9.1,56.5,48.8,0,3,1,1
7.9,69.5,81.7,0,4,0,1
16.4,54.3,60.5,1,0,1,1
4.5,52.4,65.2,1,3,1,1
17.8,58.6,65.8,1,2,1,1
17.7,20.5,45.5,0,0,0,1
5.2,49.9,42.4,0,1,0,1
9.2,93.4,59.2,1,2,0,1
5.3,87.4,94.3,0,2,1,1
10.0,79.3,62.9,1,2,1,1
11.9,81.8,78.7,1,0,0,1
7.8,66.5,70.7,1,2,1,1
9.9,81.3,72.6,0,1,1,1
6.4,29.8,71.1,0,2,0,1
10.7,72.6,75.9,0,3,0,1
12.0,76.5,59.1,1,2,1,1
4.3,70.0,60.6,1,1,1,1
9.3,95.3,60.6,0,3,0,1
7.2,60.6,57.8,0,1,0,1
13.4,67.6,80.2,0,2,1,1
5.9,68.2,69.3,1,1,1,1
9.2,75.3,54.9,0,3,0,1
9.2,75.3,81.2,0,1,0,1
5.2,84.9,69.0,0,2,1,1
9.8,61.2,71.8,0,3,0,1
6.2,122.4,65.0,1,1,0,1
-0.4,45.3,60.0,1,1,0,1
24.1,80.2,48.1,0,2,1,1
4.8,91.6,101.1,1,0,0,1
11.7,93.7,65.2,1,0,1,1
4.7,69.6,69.5,1,4,0,1
17.7,75.3,47.1,0,1,0,1
9.1,80.6,66.6,0,1,0,1
5.9,77.2,53.0,1,1,0,1
16.7,51.5,69.6,1,0,0,1
8.4,75.6,56.2,0,4,1,1
6.0,67.0,72.8,1,3,1,1
14.9,82.2,62.4,0,0,0,1
9.7,78.1,72.5,0,2,1,1
10.0,89.8,72.5,0,2,1,1
10.1,88.8,66.1,0,2,1,1
13.6,72.6,52.4,0,1,1,1
7.1,64.1,25.2,1,4,0,1
9.7,67.2,61.4,0,3,0,1
15.1,79.8,76.6,0,1,1,1
13.3,62.3,58.5,0,0,0,1
1.3,70.2,75.3,0,1,0,1
4.0,86.6,36.4,0,3,1,1
6.4,85.7,69.9,1,3,1,1
10.0,72.4,76.6,0,3,1,1
12.9,68.5,87.5,1,2,1,1
9.4,47.2,76.3,1,2,0,1
6.1,63.1,88.2,1,0,1,1
4.2,49.0,51.0,0,4,1,1
12.0,89.9,70.4,0,0,1,1
1.4,99.4,65.2,0,4,0,1
10.1,105.0,62.6,1,2,1,1
10.9,67.2,58.5,1,0,1,1
11.4,91.7,76.2,1,0,1,1
16.2,97.3,71.5,0,3,1,1
12.3,92.6,84.4,0,4,0,1
15.7,57.9,56.4,0,4,1,1
8.8,105.7,43.5,0,3,1,1
4.0,95.1,65.2,1,3,0,1
4.9,65.1,54.6,0,1,1,1
10.9,63.8,55.0,0,2,1,1
10.9,67.2,60.8,1,4,1,1
15.8,91.3,48.5,1,1,1,1
11.9,84.9,63.4,0,1,0,1
1.5,86.0,63.1,1,3,1,1
15.4,55.4,73.4,1,4,1,1
16.0,75.3,60.7,1,3,1,1
14.2,60.8,46.5,1,3,0,1
6.6,68.3,76.9,1,3,1,1
8.3,120.0,66.8,0,4,0,1
4.4,66.1,52.6,0,2,1,1
12.0,95.5,67.7,1,3,0,1
10.0,70.1,45.8,0,2,1,1
9.9,72.4,50.8,0,0,0,1
22.0,72.8,79.7,1,1,0,1
11.3,38.3,95.5,1,2,0,1
8.8,71.5,64.4,0,1,1,1
5.0,92.8,104.5,1,4,1,1
7.3,105.5,83.5,1,1,0,1
9.8,53.0,54.7,0,1,1,1
4.6,76.8,76.3,1,0,1,1
9.0,86.4,47.2,0,2,0,1
12.4,52.6,64.9,0,3,0,1
5.1,54.9,79.9,1,1,1,1
9.8,103.4,63.4,0,0,0,1
6.8,65.8,57.8,0,3,0,1
10.2,92.6,45.9,1,0,0,1
13.8,88.4,79.8,0,0,0,1
-2.6,87.0,79.3,0,1,1,1
7.3,50.7,46.4,0,3,1,1
17.5,72.5,71.1,1,1,1,1
8.9,79.3,65.2,1,1,1,1
13.2,65.1,47.7,1,1,0,1
26.8,128.3,63.9,0,4,1,1
13.9,76.6,56.8,1,0,0,1
10.2,41.1,88.6,0,4,1,1
10.9,64.0,54.1,1,4,1,1
6.9,22.1,71.2,0,0,1,1
1.9,62.2,76.7,1,0,1,1
14.9,47.9,50.4,0,1,1,1
12.4,71.5,63.9,0,1,1,1
5.8,70.1,73.8,0,1,0,1
6.0,54.8,48.7,0,2,1,1
11.7,90.4,65.6,0,0,1,1
17.4,66.9,82.8,1,3,1,1
9.5,69.3,47.3,1,2,1,1
11.1,49.3,65.4,0,3,0,1
13.9,108.2,59.6,0,4,1,1
12.2,92.7,50.7,1,1,0,1
4.9,59.2,105.8,0,2,1,1
14.3,80.2,32.4,0,1,0,1
4.6,109.3,32.9,0,1,1,1
10.0,81.7,65.2,0,0,0,1
11.2,128.7,93.7,0,1,0,1
6.8,77.6,72.3,1,3,1,1
2.4,57.7,65.4,0,0,1,1
7.5,60.2,81.5,0,4,0,1
5.5,97.1,61.9,1,4,1,1
6.2,70.7,58.2,0,2,1,1
7.3,108.2,200.0,0,1,1,1
8.1,38.9,84.2,1,1,0,1
6.7,98.9,68.8,1,2,0,1
14.6,105.1,70.1,0,3,1,1
6.3,59.3,65.2,0,0,1,1
12.1,76.7,30.2,0,4,0,1
6.5,88.1,77.5,0,4,0,1
10.7,33.8,50.1,1,1,0,1
11.1,98.9,39.5,1,0,0,1
14.6,62.6,88.7,1,3,0,1
8.7,42.8,31.4,0,1,0,1
14.4,106.2,71.2,0,1,1,1
11.7,81.3,21.2,1,1,1,1
8.2,82.4,58.7,1,0,1,1
12.0,63.9,47.8,1,2,1,1
7.7,80.2,43.8,1,4,0,1
14.2,94.5,64.6,1,4,1,1
5.9,75.3,70.6,0,3,1,1
18.4,74.0,52.3,0,3,0,1
8.3,74.7,39.4,0,0,1,1
4.4,108.1,58.5,0,4,1,1
6.2,67.7,45.8,1,4,0,1
9.0,95.5,53.3,1,0,0,1
9.5,97.8,56.8,1,4,1,1
7.6,48.4,73.8,1,0,1,1
7.0,87.4,50.5,1,0,0,1
10.4,111.3,44.5,0,3,0,1
15.9,114.9,36.0,1,0,1,1
11.9,48.7,67.1,1,2,1,1
10.9,44.2,65.2,0,4,1,1
8.6,37.8,76.5,1,1,0,1
10.0,69.5,52.2,0,0,0,1
9.9,75.3,53.3,1,1,1,1
4.6,72.8,73.8,1,2,0,1
17.0,37.3,84.1,0,2,0,1
5.9,93.4,35.6,0,4,0,1
13.7,96.8,56.6,1,0,0,1
12.8,84.1,57.0,0,2,0,1
3.3,55.5,99.9,1,0,0,1
10.4,63.5,51.7,1,3,0,1
10.0,79.5,44.9,0,3,0,1
9.3,68.4,60.6,0,4,1,1
5.3,109.3,83.4,1,3,0,1
3.4,47.6,76.8,0,1,1,1
11.1,65.4,55.7,0,0,1,1
10.0,67.4,42.7,0,2,0,1
20.6,93.7,56.1,1,1,0,1
10.0,75.2,71.0,0,4,0,1
11.8,50.6,65.2,1,2,0,1
15.0,81.5,45.2,1,1,1,1
9.1,75.3,37.3,0,1,1,1
9.8,98.1,69.5,0,1,1,1
15.0,52.6,34.2,1,0,1,1
8.8,92.8,68.6,0,0,1,1
5.1,96.2,69.7,1,3,0,1
14.0,37.8,65.2,1,1,0,1
11.8,81.4,66.3,1,1,0,1
7.5,31.6,50.3,0,4,0,1
9.7,86.8,59.6,1,2,1,1
5.1,46.3,65.2,1,0,0,1
9.1,57.3,70.5,1,4,0,1
14.6,75.7,54.1,1,4,0,1
12.0,75.3,48.2,0,2,0,1
10.9,68.8,24.1,0,1,1,1
13.1,96.3,69.1,0,1,1,1
12.3,106.0,58.4,1,4,1,1
12.4,74.5,70.3,1,0,0,1
1.6,88.9,37.8,1,0,0,1
12.8,128.7,38.6,0,2,0,1
9.5,69.9,56.7,0,2,0,1
14.3,76.3,74.9,0,1,1,1
5.5,52.8,66.0,1,0,0,1
20.0,54.3,66.0,1,0,0,1
6.4,22.7,122.4,0,1,0,1
9.3,72.6,47.4,1,2,1,1
5.9,91.8,83.9,0,0,1,1
1.1,72.2,64.8,0,2,0,1
14.7,118.5,57.4,0,4,1,1
17.1,99.2,77.1,0,0,0,1
7.8,86.5,59.8,1,3,0,1
10.0,87.7,67.5,1,3,1,1
8.3,95.0,54.5,0,2,1,1
5.4,67.6,50.1,0,4,1,1
7.8,85.4,76.9,1,1,1,1
14.7,46.4,73.0,0,1,0,1
8.3,85.5,70.8,0,0,1,1
12.6,109.3,49.6,1,4,1,1
11.1,88.6,79.5,1,1,0,1
16.9,47.8,104.6,1,1,0,1
7.8,75.3,67.6,1,1,1,1
10.6,43.9,65.2,0,4,1,1
11.4,75.3,65.7,0,1,1,1
18.5,61.8,85.4,1,4,1,1
21.0,68.6,69.6,0,0,1,1
7.6,76.8,82.4,0,1,1,1
12.2,71.6,54.5,1,1,1,1
8.2,84.1,47.5,0,3,0,1
8.3,75.3,77.9,1,4,1,1
-1.1,75.9,69.0,0,0,1,1
15.4,61.5,86.5,0,3,1,1
7.3,55.9,79.5,0,0,1,1
9.9,80.6,62.8,0,1,0,1
13.9,33.8,49.9,1,2,0,1
13.8,52.8,72.5,1,0,0,1
1.6,109.8,51.3,1,4,1,1
4.6,126.6,27.6,0,2,1,1
16.9,77.4,84.1,1,1,0,1
10.6,39.4,71.4,0,4,1,1
17.2,74.4,65.2,0,2,1,1
11.5,70.7,51.9,1,1,1,1
10.0,104.5,61.5,1,3,0,1
10.0,65.3,71.2,0,3,1,1
10.0,84.2,72.9,1,3,0,1
7.4,71.7,40.3,0,0,1,1
8.1,75.0,88.7,1,0,0,1
7.4,66.6,71.6,0,1,0,1
9.7,86.9,48.1,1,1,0,1
12.0,91.9,73.5,1,4,0,1
9.9,95.8,93.4,0,0,1,1
11.4,75.3,37.1,0,1,1,1
15.3,113.2,66.7,0,2,0,1
18.8,93.8,43.0,0,1,1,1
4.9,64.3,64.1,0,3,1,1
6.4,65.9,52.0,0,0,1,1
7.8,54.9,50.4,1,2,0,1
16.4,92.7,70.6,0,3,0,1
2.6,101.6,90.4,0,1,0,1
5.7,93.2,36.4,0,4,1,1
7.6,88.4,86.3,0,0,1,1
10.7,69.5,65.2,1,3,1,1
16.2,66.0,52.6,1,2,0,1
9.5,110.9,67.8,1,1,1,1
7.7,88.2,66.2,1,2,0,1
12.2,85.5,59.6,1,2,1,1
8.7,69.7,80.6,0,1,1,1
11.7,39.6,66.6,0,2,1,1
11.4,77.9,77.4,1,1,1,1
8.4,41.1,43.3,0,1,1,1
8.2,107.9,65.2,0,0,0,1
19.9,96.4,82.0,0,3,0,1
14.9,75.3,80.5,0,1,0,1
10.9,71.0,80.6,0,1,0,1
10.0,74.5,97.7,1,1,1,1
4.9,85.4,85.1,1,2,0,1
14.4,53.0,65.8,0,0,1,1
9.7,63.7,48.7,0,4,0,1
11.1,38.2,66.3,0,4,1,1
8.2,29.9,75.4,0,0,0,1
11.7,75.3,56.3,0,0,1,1
4.6,57.0,51.8,1,4,0,1
13.7,45.9,75.8,1,2,0,1
12.6,60.9,46.3,0,0,1,1
1.6,65.7,69.4,0,3,1,1
14.7,71.1,69.0,0,1,1,1
-0.6,33.6,52.2,0,1,0,1
6.3,64.7,75.1,1,1,0,1
9.2,49.4,40.3,0,0,0,1
12.2,88.6,38.8,1,2,1,1
19.2,65.1,47.1,1,2,0,1
7.8,74.7,74.8,0,0,1,1
12.9,54.6,93.5,0,2,0,1
13.2,75.3,63.0,1,0,1,1
14.6,90.0,107.2,0,2,0,1
9.1,95.9,104.8,1,1,1,1
7.7,93.8,61.0,1,4,1,1
3.6,36.3,51.6,1,0,0,1
9.0,83.8,66.1,1,2,1,1
8.0,81.5,58.9,1,4,0,1
10.6,57.2,44.5,1,4,1,1
12.1,48.1,46.3,1,0,0,1
10.5,53.9,38.2,0,0,0,1
4.6,59.4,73.3,0,4,0,1
16.7,63.3,70.7,1,0,0,1
18.4,89.9,118.9,1,2,1,1
3.0,62.1,74.7,1,0,1,1
7.6,83.1,57.6,0,3,0,1
1.6,54.5,60.3,1,1,1,1
8.5,60.5,49.9,0,1,1,1
12.8,65.7,71.5,1,3,0,1
10.6,55.3,65.1,1,2,1,1
8.6,84.7,75.8,0,0,1,1
11.2,75.3,43.6,0,3,0,1
7.8,111.0,96.9,1,0,1,1
12.8,97.7,74.4,0,2,1,1
16.5,75.2,77.2,0,4,0,1
4.4,78.3,64.4,1,4,0,1
1.0,74.0,65.2,1,3,1,1
6.3,83.9,46.2,0,2,0,1
6.3,63.7,59.8,0,3,0,1
16.2,75.3,33.2,0,0,1,1
9.6,92.2,200.0,0,1,1,1
10.8,83.7,80.6,0,0,0,1
12.2,112.4,80.1,1,3,0,1
12.0,83.0,86.8,1,4,1,1
11.7,69.0,57.3,0,3,0,1
20.5,121.0,61.1,1,0,0,1
7.4,75.3,68.9,0,1,1,1
13.8,108.8,67.8,0,2,1,1
5.8,67.5,27.9,1,3,1,1
13.2,102.4,70.7,0,1,0,1
16.1,66.7,58.2,0,2,0,1
5.0,82.5,59.3,0,4,0,1
11.6,71.5,69.8,1,4,0,1
6.4,41.6,77.1,1,3,1,1
15.2,86.6,37.4,0,1,1,1
13.7,74.8,63.7,0,3,1,1
12.6,51.1,67.8,0,3,0,1
12.3,79.6,84.6,0,0,0,1
21.0,75.3,52.5,0,1,1,1
12.9,97.6,61.4,0,4,0,1
12.6,94.1,73.5,0,1,1,1
14.6,29.1,65.5,1,0,1,1
3.0,108.1,49.7,1,3,1,1
12.3,81.8,65.2,1,1,1,1
9.9,97.6,62.5,0,4,1,1
12.8,68.7,63.8,1,3,1,1
13.3,63.0,111.7,1,0,0,1
7.5,98.9,63.5,1,4,1,1
9.7,75.1,65.2,1,0,1,1
7.2,85.3,57.9,0,0,1,1
2.2,75.4,95.5,1,4,0,1
17.8,102.7,77.9,1,0,0,1
6.4,80.5,47.8,0,3,0,1
5.2,37.9,77.2,0,1,1,1
16.1,91.2,69.1,1,2,0,1
12.2,65.1,86.2,0,3,1,1
3.5,68.9,56.6,1,2,0,1
13.7,46.5,60.2,1,3,1,1
11.1,57.7,73.6,0,1,0,1
15.4,88.4,64.1,1,1,0,1
5.4,75.4,55.9,1,3,1,1
8.1,60.6,74.7,0,4,0,1
14.7,88.6,66.6,0,2,1,1
19.9,79.9,53.0,1,3,1,1
4.5,94.9,54.5,0,0,0,1
15.4,56.5,67.7,0,2,0,1
7.0,81.6,70.6,1,1,1,1
14.5,85.3,75.4,1,0,1,1
3.9,64.5,68.9,0,0,0,1
9.5,92.3,63.7,0,1,1,1
10.0,79.5,66.2,1,3,0,1
-0.1,81.5,71.4,0,1,0,1
14.4,79.8,51.1,0,1,1,1
13.4,90.5,66.5,1,1,0,1
13.5,93.4,50.3,0,1,1,1
5.7,97.9,200.0,0,4,1,1
18.8,91.3,52.6,0,3,0,1
5.9,90.6,33.7,1,0,0,1
2.9,103.4,72.0,1,1,1,1
8.8,102.7,69.1,1,1,1,1
11.3,49.6,75.7,1,0,0,1
13.2,79.2,64.9,0,0,1,1
1.8,102.2,70.7,0,1,1,1
9.6,58.8,43.5,1,2,0,1
7.6,42.6,66.1,0,4,1,1
6.7,66.6,58.5,1,2,1,1
8.7,88.1,52.6,1,1,1,1
12.0,73.7,68.7,0,0,1,1
10.2,46.8,57.5,0,2,0,1
16.7,98.1,79.7,0,0,1,1
10.0,78.3,68.6,1,1,0,1
3.4,44.4,54.5,1,3,0,1
3.1,75.3,62.9,1,1,1,1
4.3,65.6,28.2,0,4,1,1
8.0,60.6,39.3,0,2,0,1
13.4,75.3,62.5,1,4,0,1
8.3,86.5,68.6,0,3,1,1
4.3,53.3,51.0,0,1,1,1
9.4,76.5,60.9,1,4,1,1
14.0,93.8,65.0,1,2,0,1
10.8,80.0,57.2,1,3,1,1
7.2,75.3,57.3,1,0,1,1
9.0,74.2,64.3,0,4,1,1
0.5,90.5,63.0,1,4,0,1
5.5,78.5,68.2,1,1,0,1
13.3,87.6,72.4,1,3,0,1
7.2,60.5,74.5,0,3,0,1
14.1,59.6,61.2,0,1,0,1
3.8,57.5,66.7,1,3,0,1
18.6,31.4,61.8,0,3,1,1
14.7,103.1,50.0,0,0,1,1
12.5,60.6,46.1,0,4,0,1
7.5,85.2,44.0,0,4,1,1
2.7,73.9,59.7,1,2,1,1
13.1,75.3,81.4,1,1,0,1
-2.0,100.4,45.7,1,4,1,1
8.1,88.2,64.8,0,4,0,1
10.0,86.4,76.2,1,1,0,1
14.3,98.9,71.1,0,3,0,1
3.8,62.1,65.9,0,2,0,1
17.5,80.2,48.4,0,1,1,1
9.9,57.3,43.2,0,0,1,1
19.4,59.4,59.5,0,3,0,1
11.8,89.5,73.0,0,2,0,1
7.3,41.8,58.8,1,0,0,1
9.2,67.7,74.9,1,4,0,1
3.9,82.8,87.3,1,1,1,1
9.2,106.1,59.8,1,1,1,1
13.6,89.9,75.3,1,3,0,1
14.5,97.0,73.7,0,4,0,1
10.0,104.3,65.2,0,2,1,1
4.8,45.4,48.3,0,1,0,1
10.3,72.8,60.3,0,1,0,1
8.0,67.6,36.8,1,4,1,1
4.9,71.8,65.2,1,1,1,1
8.1,56.8,77.2,0,3,1,1
8.0,95.0,46.9,0,3,1,1
9.1,68.1,56.2,0,0,0,1
9.8,96.5,40.2,1,2,0,1
13.4,68.2,70.5,0,4,0,1
12.3,60.6,70.5,0,4,1,1
6.6,69.1,33.5,1,2,1,1
10.0,49.6,58.3,1,1,1,1
1.4,56.5,52.3,1,1,0,1
7.4,38.1,63.6,0,1,1,1
1.0,74.7,57.4,0,1,0,1
4.0,103.5,57.2,0,1,0,1
4.0,33.3,87.8,0,1,1,1
11.6,101.4,62.5,1,0,1,1
7.2,93.6,74.1,0,3,1,1
11.0,91.3,66.6,1,1,0,1
8.7,51.3,78.0,1,2,1,1
6.2,103.7,51.4,0,0,0,1
10.5,75.3,34.2,0,2,0,1
10.0,37.6,80.0,0,1,1,1
4.9,78.6,79.4,1,2,0,1
0.7,78.0,74.2,0,1,1,1
6.3,71.0,43.2,0,3,1,1
18.3,82.7,74.3,1,1,0,1
5.3,51.6,86.0,0,3,1,1
15.3,75.3,77.8,0,4,1,1
7.7,62.4,68.2,0,1,0,1
4.2,61.9,69.3,0,3,1,1
8.9,79.8,91.4,0,3,1,1
16.8,66.4,45.6,0,1,1,1
21.7,54.3,56.4,0,1,1,1
11.5,14.6,58.2,0,1,0,1
14.7,102.8,79.6,0,1,0,1
10.4,97.8,61.4,0,2,1,1
5.0,78.7,80.6,0,3,1,1
11.4,89.5,73.2,0,4,1,1
8.0,52.2,73.6,1,4,0,1
9.6,58.7,57.6,0,2,1,1
17.3,54.7,60.3,0,4,1,1
13.7,63.0,65.7,1,1,0,1
18.5,66.9,67.2,0,2,0,1
8.2,89.8,65.2,0,3,0,1
6.3,25.9,67.7,0,1,0,1
8.6,94.4,57.5,0,1,1,1
13.0,65.8,60.1,0,1,1,1
13.5,27.8,55.9,0,3,0,1
4.9,66.3,78.4,1,3,1,1
11.2,85.4,62.9,0,1,0,1
7.2,72.9,71.0,0,0,0,1
5.1,76.0,61.8,0,4,0,1
9.6,59.3,74.2,1,1,0,1
10.2,76.6,65.8,1,0,1,1
8.5,58.1,46.4,1,3,1,1
2.4,88.8,32.7,0,4,1,1
2.8,65.5,62.9,0,1,1,1
7.3,106.2,53.1,0,0,0,1
12.9,57.3,50.4,0,3,0,1
12.1,48.2,64.5,1,4,1,1
10.0,106.4,77.1,1,0,0,1
15.5,105.6,48.3,0,2,1,1
-1.8,55.3,73.8,0,1,0,1
14.4,83.2,74.6,0,1,1,1
5.8,92.8,47.7,1,3,0,1
8.3,49.2,87.4,1,2,0,1
10.0,33.6,80.0,0,1,1,1
10.7,83.2,59.6,1,0,0,1
6.9,115.0,65.1,1,2,0,1
10.6,77.9,97.4,1,3,0,1
6.7,52.0,29.2,1,1,0,1
0.5,56.6,94.4,0,1,0,1
6.7,56.6,65.2,0,4,1,1
12.0,59.2,34.8,0,4,0,1
11.5,74.5,70.2,1,1,0,1
11.8,101.7,64.3,0,2,1,1
6.8,96.9,72.7,0,0,1,1
10.3,58.1,80.9,1,4,1,1
10.0,65.4,72.9,0,2,1,1
5.4,23.4,64.8,1,1,0,1
5.8,93.7,85.8,1,4,1,1
14.5,61.8,71.0,1,0,1,1
3.1,70.1,110.0,0,3,1,1
14.4,55.7,35.9,1,3,1,1
10.5,65.3,66.7,1,1,0,1
9.0,74.8,40.0,1,4,0,1
5.7,50.6,65.2,0,1,1,1
11.8,87.7,85.5,1,1,0,1
8.9,87.0,76.1,1,3,0,1
11.7,45.9,41.7,1,0,1,1
5.9,41.0,61.4,0,0,0,1
20.3,90.2,50.4,0,0,0,1
10.7,88.8,65.2,0,3,1,1
9.1,78.5,64.7,1,1,0,1
11.5,90.9,90.6,0,2,0,1
18.6,59.2,63.1,1,3,1,1
8.8,46.2,79.3,0,1,1,1
7.9,112.1,63.9,0,4,0,1
3.0,67.4,80.1,1,1,0,1
11.9,80.4,58.3,1,4,0,1
11.8,77.8,54.8,0,1,1,1
6.1,82.5,50.2,1,1,0,1
16.0,53.8,70.2,1,2,1,1
23.7,52.8,90.0,1,4,1,1
15.1,91.8,43.7,1,0,1,1
6.0,87.4,33.5,0,3,1,1
8.1,75.3,61.7,0,0,0,1
8.0,59.9,45.9,1,1,0,1
6.6,85.3,62.0,0,3,1,1
5.4,75.3,86.0,0,0,1,1
6.5,48.1,72.1,1,3,0,1
16.1,84.1,44.0,1,2,0,1
7.3,44.2,56.3,0,3,0,1
17.8,81.1,51.2,1,3,1,1
16.1,66.4,43.1,0,4,0,1
9.5,57.4,42.8,0,1,1,1
15.5,123.4,85.2,1,2,0,1
4.1,48.3,51.7,0,2,1,1
10.5,97.7,57.7,0,3,1,1
8.8,79.4,56.6,0,4,0,1
11.6,75.7,75.8,0,1,0,1
6.9,73.8,76.0,0,3,1,1
11.6,91.9,59.0,0,4,1,1
8.2,58.2,69.8,1,4,0,1
5.6,70.1,59.8,0,1,0,1
11.0,92.6,90.4,1,2,1,1
14.7,63.2,103.8,1,1,1,1
10.0,74.6,68.0,1,4,0,1
17.0,75.9,65.2,0,4,0,1
7.4,79.2,68.9,0,1,1,1
16.9,69.6,40.3,0,4,0,1
7.0,108.5,64.3,0,2,0,1
10.8,135.6,47.4,0,3,1,1
11.1,75.9,61.4,0,3,0,1
17.5,104.6,65.2,0,0,1,1
8.6,62.6,79.8,0,1,1,1
11.2,87.1,44.8,1,4,1,1
11.4,114.5,60.7,1,3,0,1
6.8,92.4,65.2,1,4,1,1
10.0,72.6,46.9,1,3,0,1
13.3,100.0,67.3,1,2,0,1
9.8,70.2,82.2,0,0,0,1
10.0,66.1,60.3,1,4,0,1
10.0,85.2,200.0,0,2,1,1
10.7,92.7,57.9,0,2,0,1
13.0,57.0,63.8,1,0,1,1
10.0,53.5,86.9,0,3,0,1
23.0,53.5,60.0,0,2,1,1
11.1,77.3,47.8,0,1,1,1
5.0,92.3,48.8,0,4,1,1
9.7,77.8,54.2,1,3,0,1
3.9,23.7,74.9,0,1,0,1
7.8,46.0,65.2,1,2,1,1
12.9,79.4,74.6,1,1,0,1
5.4,38.1,74.0,1,4,1,1
9.7,59.9,69.4,0,1,1,1
6.5,65.2,59.9,1,4,0,1
6.8,99.8,42.4,0,1,0,1
13.0,70.4,58.2,0,1,1,1
9.5,80.2,90.4,0,4,1,1
10.8,80.8,65.2,0,0,1,1
2.4,105.2,52.8,0,2,0,1
6.9,46.6,65.2,1,1,0,1
4.4,88.4,87.1,0,2,1,1
9.7,29.8,60.0,0,4,1,1
10.0,81.7,57.2,0,4,1,1
5.9,76.3,70.7,1,1,1,1
4.3,76.5,45.7,1,0,0,1
12.2,55.4,81.8,0,2,0,1
15.3,41.5,62.2,0,2,1,1
7.2,38.3,73.5,0,1,0,1
7.7,62.1,91.2,1,0,0,1
7.6,87.4,82.3,1,3,0,1
12.5,83.1,62.2,0,1,0,1
13.5,59.4,98.4,0,2,1,1
9.1,64.9,43.8,1,2,0,1
2.9,67.9,68.4,0,4,0,1
10.0,83.5,108.9,0,1,0,1
5.5,65.0,63.3,0,2,1,1
14.0,71.4,78.1,1,2,1,1
2.2,101.0,78.5,1,0,1,1
17.1,91.6,53.7,0,3,0,1
13.7,102.6,41.8,0,2,0,1
8.7,95.6,55.5,0,1,1,1
11.8,54.8,35.9,1,1,1,1
11.3,57.7,72.3,1,0,0,1
2.5,56.8,69.3,1,2,1,1
3.1,75.3,35.1,0,3,0,1
16.1,75.3,77.4,1,3,1,1
7.4,56.3,79.3,0,4,0,1
16.7,59.8,73.3,1,4,0,1
12.4,77.8,100.5,0,3,1,1
7.7,82.1,67.4,0,4,0,1
17.6,69.8,75.7,0,1,1,1
9.1,82.3,69.7,1,3,0,1
8.3,80.8,47.8,1,1,1,1
14.6,77.3,78.8,0,2,1,1
10.0,58.1,83.2,1,0,0,1
8.4,57.5,31.7,0,2,0,1
15.6,22.8,80.0,0,3,0,1
12.4,60.3,89.3,1,2,1,1
6.9,77.1,51.8,0,0,0,1
9.2,57.7,58.3,1,0,0,1
7.1,95.3,53.5,1,3,0,1
11.7,71.8,67.3,1,3,1,1
18.2,47.4,79.5,1,0,0,1
4.6,60.4,78.9,0,3,0,1
11.8,72.2,63.3,0,2,1,1
5.7,64.6,69.8,1,0,1,1
11.2,96.2,91.5,0,0,0,1
9.4,98.6,97.5,1,3,1,1
13.2,81.0,75.6,0,1,1,1
4.3,55.6,58.4,0,1,1,1
5.5,99.2,46.6,0,4,0,1
12.4,62.8,72.6,0,3,0,1
12.4,51.2,77.0,0,3,1,1
7.3,34.4,66.4,1,0,1,1
7.4,61.4,74.3,1,3,1,1
15.7,63.2,43.5,0,3,0,1
6.2,68.6,75.9,0,1,1,1
6.5,68.5,65.2,0,1,1,1
11.6,88.9,45.1,1,3,1,1
10.5,76.1,82.2,1,3,1,1
17.8,105.7,71.8,1,3,1,1
9.0,81.6,58.2,0,3,0,1
6.5,79.1,66.1,0,0,0,1
24.2,76.6,57.8,1,4,1,1
12.2,46.4,58.8,1,2,1,1
13.0,150.0,65.2,0,1,0,1
3.6,101.7,57.1,0,0,0,1
11.2,94.1,100.6,1,1,0,1
5.0,57.2,76.7,0,0,1,1
8.2,95.0,55.6,0,0,1,1
11.0,52.3,65.8,1,4,0,1
12.4,102.4,60.9,1,3,0,1
12.5,70.0,65.2,1,3,0,1
11.6,79.0,51.8,0,3,0,1
-1.8,83.8,55.0,1,2,0,1
13.8,75.8,44.3,1,0,0,1
10.1,46.3,76.5,0,2,0,1
11.8,79.1,81.1,0,4,0,1
10.0,46.1,54.4,0,4,1,1
8.3,49.5,60.9,0,1,1,1
9.6,63.1,80.6,0,3,0,1
12.7,50.5,64.2,1,4,0,1
16.2,85.0,51.0,1,1,1,1
21.9,50.1,51.0,0,2,0,1
2.8,64.9,90.3,0,0,0,1
12.5,87.2,84.9,1,2,0,1
10.1,86.2,57.0,0,1,0,1
11.7,80.4,56.4,0,2,0,1
10.0,78.3,51.9,1,3,0,1
11.9,86.4,56.1,1,1,1,1
10.8,55.6,67.7,0,0,0,1
13.3,81.1,51.5,0,0,0,1
15.3,63.3,58.5,1,3,0,1
11.5,107.9,45.7,1,4,1,1
7.7,75.3,72.7,1,4,1,1
7.2,81.5,59.7,0,4,1,1
0.9,46.7,75.9,0,1,1,1
10.6,50.3,39.1,1,3,0,1
18.0,52.9,82.1,0,1,0,1
10.0,71.7,67.7,1,2,1,1
13.7,63.3,89.6,0,1,1,1
11.3,68.5,61.3,1,0,0,1
15.2,49.7,74.4,0,0,1,1
3.8,69.1,66.2,0,1,1,1
10.0,64.3,66.6,0,3,1,1
11.3,94.2,83.6,0,3,1,1
25.2,89.3,70.2,0,0,0,1
12.0,75.3,65.2,1,0,0,1
6.9,76.5,41.6,0,1,1,1
10.0,77.9,65.9,0,2,1,1
14.1,69.7,35.6,0,1,0,1
15.5,75.3,59.6,0,1,1,1
10.3,113.2,55.2,1,3,0,1
10.7,44.1,49.7,1,1,1,1
18.4,69.7,67.8,0,4,1,1
9.2,50.8,53.8,0,2,1,1
10.0,95.4,64.7,0,4,1,1
11.0,62.1,85.6,0,2,0,1
12.8,96.3,75.8,0,1,1,1
9.4,97.5,68.4,0,2,1,1
14.8,73.4,67.6,0,1,1,1
6.5,41.1,60.6,0,1,0,1
20.3,63.0,63.6,1,2,0,1
11.1,67.5,53.2,1,3,0,1
17.8,85.0,68.3,0,3,0,1
5.7,58.9,54.6,1,2,1,1
6.0,57.4,58.8,0,1,0,1
18.1,86.8,53.2,1,1,1,1
-5.0,40.1,56.2,1,2,1,1
13.1,75.1,50.7,1,1,0,1
4.0,51.6,100.9,0,1,0,1
18.2,64.7,72.6,1,3,1,1
2.1,66.8,77.9,0,1,1,1
10.0,86.7,58.2,1,1,1,1
14.1,94.9,61.5,0,1,0,1
13.3,56.7,51.8,1,3,1,1
15.1,75.3,41.2,1,4,1,1
13.4,73.1,68.9,1,3,1,1
3.3,93.5,76.8,1,1,0,1
10.0,43.3,37.0,1,1,1,1
3.1,58.8,32.9,0,0,1,1
15.2,98.7,50.8,0,1,1,1
15.2,13.7,60.0,1,4,1,1
8.6,86.6,77.9,0,2,1,1
5.4,30.8,48.5,1,4,1,1
6.8,107.4,91.8,0,4,0,1
11.6,85.1,68.8,1,0,1,1
19.1,69.3,72.9,0,1,1,1
9.8,75.0,62.0,1,0,0,1
10.0,75.3,77.4,0,2,0,1
9.8,89.7,47.3,1,0,1,1
12.8,49.6,66.1,1,2,0,1
9.9,75.3,86.8,0,1,1,1
18.4,80.3,78.3,0,0,0,1
10.0,65.8,46.8,0,2,1,1
16.2,54.9,62.8,1,2,1,1
7.4,57.8,67.2,1,2,0,1
12.9,67.3,50.3,0,3,0,1
8.3,65.9,67.9,1,3,0,1
3.5,95.0,59.4,0,1,1,1
9.5,61.5,63.3,0,0,1,1
6.4,39.0,63.0,1,3,0,1
10.0,54.7,42.3,1,2,1,1
14.0,91.9,44.5,0,3,1,1
4.9,61.5,56.4,0,3,0,1
16.0,75.8,39.2,0,0,1,1
22.5,75.3,67.5,0,1,1,1
6.5,65.4,61.4,1,3,1,1
15.9,71.3,65.9,1,3,1,1
10.7,62.3,55.3,1,1,1,1
13.3,68.8,59.6,0,0,0,1
5.3,50.4,32.3,1,1,0,1
7.8,62.2,66.7,1,4,1,1
8.0,92.7,49.1,0,2,1,1
9.7,47.5,55.9,1,1,0,1
6.5,85.1,53.4,0,0,0,1
10.2,43.7,57.2,1,1,1,1
4.2,48.4,45.7,0,4,0,1
10.2,34.6,61.6,1,3,1,1
15.6,58.8,48.4,1,3,0,1
7.7,51.5,82.0,0,3,1,1
6.0,70.2,86.4,0,4,0,1
12.4,69.5,79.5,1,4,0,1
7.9,72.7,80.5,0,3,1,1
9.4,84.1,56.7,1,0,0,1
5.7,41.9,45.9,1,2,0,1
16.1,93.0,65.0,0,0,0,1
4.4,19.8,69.7,1,0,1,1
10.0,85.2,47.7,0,4,0,1
10.0,62.5,55.9,1,2,1,1
8.7,75.3,76.1,1,3,1,1
19.6,41.1,65.1,0,3,1,1
12.9,75.9,48.7,1,3,0,1
14.8,74.0,60.7,0,2,1,1
13.7,75.3,97.6,0,3,1,1
5.9,60.6,65.2,1,4,0,1
8.5,107.0,60.0,0,3,1,1
9.1,63.8,66.2,0,1,1,1
11.0,131.5,55.0,0,1,0,1
8.3,102.8,54.5,0,2,1,1
15.5,114.2,82.5,1,3,0,1
10.9,78.8,64.8,0,1,1,1
14.3,66.1,58.6,1,0,1,1
15.7,98.5,73.8,0,1,1,1
7.5,31.8,105.9,1,0,0,1
4.5,71.8,60.0,0,4,0,1
12.2,57.5,61.9,1,2,1,1
6.2,54.0,65.5,1,3,1,1
18.3,62.9,41.1,0,1,0,1
6.0,63.8,65.2,0,3,0,1
-3.5,82.4,73.3,1,0,0,1
4.1,78.7,77.5,0,1,1,1
11.4,45.6,69.0,1,0,1,1
11.2,104.7,43.6,1,0,1,1
13.5,68.7,53.3,0,2,1,1
3.9,81.3,88.3,0,1,0,1
14.7,22.4,67.3,0,1,0,1
12.9,93.5,90.9,0,3,1,1
11.8,39.4,64.0,0,2,0,1
12.5,87.5,74.9,0,1,0,1
3.3,36.6,55.9,0,4,0,1
8.5,91.8,57.7,1,3,0,1
17.5,56.6,79.3,1,0,0,1
12.8,96.7,40.6,0,2,0,1
7.6,88.4,77.2,0,4,1,1
3.4,78.0,90.6,0,3,1,1
0.2,87.0,73.7,0,4,0,1
15.5,91.5,65.2,1,4,0,1
12.8,109.6,71.8,1,4,0,1
8.3,85.3,63.3,1,1,1,1
5.8,91.4,62.4,0,3,1,1
10.0,48.5,65.2,1,2,1,1
19.6,47.1,61.9,0,2,1,1
11.2,108.8,68.1,0,1,0,1
2.1,70.9,39.0,1,3,1,1
6.9,82.3,60.8,0,4,1,1
5.3,65.7,80.9,1,2,1,1
23.7,75.3,73.3,0,1,1,1
10.9,69.7,68.2,0,1,1,1
11.6,55.6,52.8,1,4,0,1
6.1,122.6,49.5,1,4,1,1
7.2,83.4,37.3,1,1,0,1
16.6,92.7,46.7,1,4,0,1
8.5,83.3,59.3,1,0,1,1
6.4,68.0,44.1,0,1,0,1
9.4,105.8,70.8,1,0,0,1
10.2,56.9,62.8,1,2,0,1
10.8,72.3,20.5,0,1,0,1
14.6,70.4,80.0,1,0,0,1
11.1,114.6,58.1,1,0,0,1
9.9,75.6,50.3,1,1,1,1
12.9,101.7,65.2,1,0,1,1
4.7,55.1,32.4,1,0,0,1
14.5,29.9,54.2,1,1,0,1
11.8,75.1,85.3,0,0,0,1
13.3,50.9,54.0,0,0,0,1
9.7,31.4,59.3,1,4,1,1
17.6,51.5,75.7,0,3,0,1
9.8,67.5,47.0,0,4,1,1
18.4,32.8,25.1,0,3,1,1
13.9,46.3,83.5,1,4,1,1
11.4,80.3,70.2,1,4,0,1
18.4,96.3,53.8,1,2,1,1
13.4,57.8,42.3,0,1,1,1
12.1,53.9,58.9,0,0,1,1
4.8,105.5,33.3,0,4,1,1
6.8,18.6,46.7,1,0,1,1
7.5,69.8,60.2,0,2,0,1
17.4,51.0,85.5,0,0,1,1
12.5,88.2,90.7,0,1,1,1
10.8,99.0,56.3,0,4,1,1
9.1,55.5,64.0,1,3,0,1
9.4,44.5,85.2,1,3,1,1
8.1,50.1,53.5,1,4,1,1
14.2,71.4,51.9,0,0,0,1
6.2,63.6,52.4,0,3,0,1
11.6,110.1,38.1,1,2,0,1
10.0,78.6,65.2,0,1,0,1
10.0,75.3,86.5,1,2,1,1
10.8,75.3,94.4,0,0,1,1
15.8,65.5,69.9,0,3,1,1
12.5,79.8,47.5,1,4,0,1
9.2,83.5,92.8,0,3,1,1
21.8,94.7,85.3,1,4,0,1
16.5,92.7,55.1,1,3,0,1
10.0,104.4,71.3,0,2,0,1
9.4,65.9,38.8,0,0,0,1
6.8,75.3,62.4,0,2,1,1
10.0,64.7,65.2,0,2,1,1
3.5,113.7,72.5,0,1,0,1
9.8,70.8,42.8,0,1,0,1
8.6,92.0,82.0,0,4,1,1
14.4,84.8,59.9,0,1,1,1
15.2,71.4,60.9,1,2,1,1
15.6,75.3,74.5,1,2,0,1
10.7,59.2,66.4,0,3,0,1
10.0,106.8,53.3,1,2,0,1
10.0,75.3,82.4,0,0,0,1
10.0,74.0,62.7,0,1,0,1
0.9,49.9,80.3,0,0,1,1
12.0,74.9,67.5,0,3,1,1
12.5,71.5,41.1,0,4,0,1
11.0,83.0,74.2,0,1,0,1
10.0,72.2,63.7,0,1,0,1
7.7,75.3,59.2,1,3,0,1
15.5,69.2,96.6,1,2,1,1
3.3,76.3,72.5,1,3,1,1
12.2,95.0,65.2,1,1,0,1
12.4,78.9,65.2,1,1,1,1
3.0,103.9,67.1,0,3,0,1
6.2,75.3,66.2,0,1,1,1
12.7,46.3,59.0,0,4,1,1
10.6,65.0,77.2,0,4,0,1
12.8,56.0,29.7,1,2,0,1
5.7,64.6,74.2,0,2,1,1
2.1,80.0,52.5,0,0,0,1
10.5,61.7,70.1,0,3,1,1
13.7,100.3,64.4,0,3,0,1
9.3,74.1,65.2,1,1,1,1
13.4,92.1,58.0,1,0,1,1
3.6,77.8,65.2,0,4,0,1
18.6,72.4,60.1,1,4,0,1
10.4,103.3,92.0,1,0,0,1
7.7,47.4,62.3,1,3,1,1
7.4,86.6,52.7,1,0,0,1
9.2,56.8,68.8,0,1,1,1
10.8,66.6,48.2,1,0,0,1
15.4,80.2,86.9,0,0,1,1
11.6,73.0,72.7,0,2,1,1
4.2,68.8,52.4,0,3,1,1
18.5,75.3,73.4,1,4,1,1
7.0,20.4,67.1,0,2,1,1
11.7,91.3,43.0,0,1,0,1
5.6,93.1,58.3,0,2,0,1
7.9,71.1,61.2,0,3,0,1
15.1,73.9,74.5,0,4,0,1
9.3,75.3,66.8,0,3,0,1
17.3,70.2,72.8,1,0,0,1
15.3,83.5,75.4,1,0,0,1
12.7,82.7,80.0,1,4,1,1
18.0,63.9,81.1,0,4,1,1
8.2,83.0,70.5,1,3,1,1
10.0,75.3,81.7,0,3,0,1
11.2,77.3,52.0,0,4,0,1
19.8,30.6,62.9,1,3,0,1
20.3,84.9,66.9,0,0,1,1
14.7,61.3,53.8,1,3,0,1
13.6,64.1,65.2,1,0,0,1
9.5,72.9,53.2,0,2,0,1
11.0,82.0,39.5,0,2,1,1
8.5,66.6,65.2,0,1,0,1
6.5,98.8,65.7,0,4,1,1
10.0,73.2,49.1,1,4,1,1
7.5,94.5,53.8,0,3,1,1
10.4,52.2,65.2,0,0,1,1
13.1,80.4,74.1,1,4,0,1
19.6,103.2,69.5,0,4,1,1
11.4,28.8,46.4,1,2,1,1
5.2,116.5,32.1,0,3,0,1
8.3,60.6,65.2,0,0,1,1
5.9,81.1,86.6,0,3,1,1
7.1,87.8,30.0,0,2,1,1
11.4,56.9,73.2,1,3,1,1
12.8,101.0,35.5,0,0,1,1
13.3,50.4,83.7,1,0,0,1
13.5,75.8,58.0,1,4,1,1
12.9,111.8,50.6,1,3,0,1
10.3,36.0,87.5,1,1,1,1
11.9,73.6,47.5,1,2,0,1
9.5,73.8,39.2,1,0,1,1
9.3,78.9,68.0,0,1,1,1
10.1,92.2,65.6,0,1,1,1
14.8,35.1,55.9,1,1,1,1
13.3,33.6,41.6,1,2,1,1
6.9,94.7,41.5,0,4,1,1
15.1,45.4,65.6,0,3,0,1
2.9,54.3,73.0,1,0,0,1
16.9,133.9,68.4,1,1,1,1
13.7,78.2,63.8,1,4,0,1
13.1,45.0,74.6,0,2,0,1
13.6,77.5,75.8,0,0,1,1
8.3,63.8,45.3,0,4,0,1
11.9,75.3,71.2,1,3,0,1
10.0,87.1,82.0,0,3,1,1
14.6,106.5,65.2,0,3,1,1
8.6,66.8,71.1,0,0,1,1
5.9,96.2,59.2,1,1,0,1
14.2,102.9,65.2,0,3,1,1
11.1,87.9,78.7,1,3,1,1
1.2,82.5,56.3,0,4,1,1
11.7,67.8,73.8,1,0,0,1
-1.0,74.8,72.3,0,2,0,1
6.5,61.1,38.4,0,3,1,1
10.0,64.4,63.4,1,1,0,1
1.7,86.3,64.1,0,4,0,1
-0.2,49.9,71.8,0,3,1,1
10.2,99.0,73.8,0,1,1,1
13.1,83.1,81.8,1,4,1,1
-0.0,112.9,18.5,1,0,1,1
8.6,88.2,45.9,1,4,1,1
9.6,68.1,68.6,0,4,1,1
13.1,69.9,41.3,0,1,1,1
10.2,84.3,55.7,0,0,0,1
5.4,70.4,56.8,0,2,1,1
9.9,97.9,70.5,0,0,0,1
10.1,93.7,68.1,0,2,0,1
4.8,59.4,53.8,0,2,1,1
4.3,66.3,48.1,0,4,1,1
1.7,45.7,60.6,0,0,1,1
7.5,62.7,65.2,1,4,0,1
3.9,64.8,67.3,0,3,1,1
6.2,101.7,65.1,0,4,1,1
10.0,51.8,74.9,1,1,1,1
14.9,74.0,46.0,0,2,1,1
8.1,91.2,62.2,0,2,0,1
0.5,60.6,84.1,1,3,0,1
3.5,80.2,65.2,1,0,1,1
6.5,55.9,66.6,0,3,1,1
14.8,107.1,66.2,0,0,0,1
14.9,88.9,59.2,1,0,1,1
8.5,72.8,76.1,0,0,0,1
12.4,78.0,32.1,0,2,0,1
13.5,74.1,65.2,1,4,0,1
16.8,83.0,56.0,1,4,0,1
10.0,68.0,65.2,0,2,0,1
3.1,93.0,57.7,1,1,1,1
19.9,100.0,63.6,1,4,1,1
14.4,52.2,85.4,0,1,0,1
8.2,64.2,67.8,1,1,1,1
16.0,82.9,56.1,1,2,1,1
13.5,50.6,93.2,1,3,0,1
12.4,95.0,50.5,0,4,0,1
13.9,65.0,54.3,1,0,1,1
0.6,75.3,65.2,0,3,0,1
7.8,75.3,47.1,0,1,1,1
5.1,86.9,37.6,1,2,1,1
16.5,62.4,82.8,1,1,1,1
11.5,86.1,55.1,1,0,0,1
13.5,99.2,53.9,0,0,0,1
13.5,89.9,36.8,0,3,1,1
5.8,84.2,57.8,0,2,1,1
9.4,91.9,24.4,0,0,1,1
13.8,83.5,67.6,1,4,1,1
10.4,75.7,63.4,0,4,1,1
11.3,72.5,60.9,1,0,1,1
7.5,51.0,66.3,1,0,1,1
4.5,74.9,61.3,1,2,0,1
-1.2,57.8,60.7,0,0,1,1
2.6,44.9,76.9,0,0,1,1
10.1,61.4,72.4,0,4,1,1
2.9,68.7,87.4,1,4,0,1
13.1,89.6,81.2,1,1,0,1
4.4,62.1,69.5,0,1,0,1
9.3,81.1,65.2,0,3,1,1
17.5,112.3,53.2,0,2,1,1
15.5,70.2,66.2,0,4,1,1
16.6,66.2,42.2,0,4,0,1
17.3,85.0,73.8,0,0,1,1
5.4,86.4,90.2,0,3,1,1
13.3,75.3,64.0,1,2,1,1
4.7,88.7,98.9,0,4,0,1
5.1,77.8,53.6,0,1,1,1
3.1,46.9,53.4,0,4,0,1
6.0,75.3,80.8,0,4,0,1
14.3,83.0,67.6,1,0,0,1
18.3,98.3,45.8,0,4,0,1
15.2,75.3,45.7,0,2,0,1
13.7,70.0,80.5,1,0,1,1
4.0,79.4,52.5,1,4,0,1
7.5,88.4,70.4,1,3,1,1
13.6,85.3,47.3,1,1,0,1
9.1,32.6,67.2,1,4,1,1
7.8,80.7,34.5,0,1,0,1
13.5,112.4,57.3,1,4,1,1
0.3,83.9,48.8,0,1,1,1
10.0,66.7,61.2,1,2,1,1
14.7,91.1,84.8,0,4,1,1
10.0,54.6,53.9,0,1,0,1
4.1,75.3,69.7,1,1,0,1
13.5,67.8,69.0,0,4,0,1
9.8,59.6,61.9,1,0,0,1
10.0,52.5,59.5,1,2,0,1
12.0,56.4,54.7,0,2,0,1
5.1,75.3,18.4,0,2,1,1
14.7,62.4,64.1,0,1,1,1
17.6,52.0,54.0,1,3,1,1
10.4,73.9,70.8,1,1,1,1
6.8,59.6,52.8,1,4,1,1
16.0,104.8,70.2,0,1,1,1
11.7,77.2,65.2,1,3,1,1
8.0,61.0,57.5,1,4,0,1
16.5,34.9,74.6,0,4,1,1
10.4,75.3,53.4,0,0,1,1
1.9,71.2,22.2,1,0,0,1
14.8,92.4,61.9,1,1,1,1
4.1,57.8,52.1,0,1,0,1
-0.0,75.3,72.6,1,0,1,1
10.5,73.7,65.3,1,3,0,1
9.5,75.8,73.7,0,0,0,1
13.9,75.9,41.5,0,1,1,1
3.5,61.1,52.4,0,0,1,1
15.6,68.4,62.1,0,1,0,1
9.8,106.8,59.5,0,3,1,1
6.1,60.8,66.4,0,2,1,1
6.6,75.3,41.8,1,1,1,1
20.0,75.3,67.0,0,2,1,1
4.9,57.9,63.2,1,0,0,1
3.2,82.2,73.8,0,1,0,1
18.5,71.7,58.7,0,2,1,1
14.6,60.0,55.4,1,4,0,1
10.0,62.0,62.8,0,4,0,1
7.5,76.0,80.1,1,1,0,1
15.6,63.1,67.3,0,0,1,1
7.2,51.3,67.3,1,2,1,1
7.3,93.3,74.2,0,1,1,1
9.0,55.6,30.7,1,2,0,1
11.7,75.3,51.2,0,2,0,1
7.0,85.9,74.5,0,0,1,1
10.0,60.2,51.3,0,1,1,1
15.2,109.0,63.3,0,2,1,1
10.0,38.8,67.9,0,4,0,1
10.4,67.3,54.3,1,1,1,1
21.9,53.4,63.5,0,0,1,1
17.7,75.3,91.4,1,0,1,1
11.5,75.3,51.0,0,2,1,1
11.0,82.4,52.3,0,0,0,1
8.9,86.7,68.7,1,1,0,1
9.8,100.6,58.5,0,2,1,1
2.3,61.5,79.7,0,1,0,1
12.8,101.5,48.7,0,0,1,1
-2.1,64.3,71.1,1,2,0,1
9.6,62.1,70.1,1,0,1,1
1.9,114.6,27.2,1,3,0,1
14.5,59.5,62.8,0,2,1,1
0.8,101.6,78.5,0,4,1,1
9.8,69.6,66.8,1,2,1,1
5.7,74.6,71.6,0,0,0,1
18.2,87.3,94.6,1,1,1,1
8.8,115.7,50.4,0,0,1,1
6.4,79.6,70.8,1,0,1,1
10.0,43.8,62.4,0,4,0,1
3.3,92.7,68.2,0,3,1,1
8.8,111.2,60.4,0,4,1,1
14.3,47.4,67.8,0,1,1,1
10.2,91.1,77.4,0,4,1,1
8.0,66.5,50.8,0,2,1,1
18.1,107.6,53.6,1,1,1,1
10.7,43.4,65.7,1,2,0,1
12.2,78.5,63.6,0,3,1,1
11.2,83.4,40.0,0,2,0,1
10.0,57.1,44.2,0,0,0,1
8.0,93.3,59.7,0,1,1,1
22.7,60.5,84.5,0,0,1,1
3.6,96.0,68.2,0,4,1,1
12.5,105.2,62.5,1,1,0,1
1.3,67.4,63.5,0,2,1,1
18.9,80.9,90.5,1,3,1,1
3.9,55.6,72.7,1,3,1,1
5.2,91.1,65.2,1,4,0,1
4.2,65.4,29.1,1,4,0,1
11.1,73.2,74.6,0,2,0,1
8.9,71.0,59.1,1,0,0,1
11.9,45.4,45.5,1,0,0,1
14.1,70.0,67.8,1,3,0,1
14.9,75.3,47.1,1,4,1,1
5.7,53.1,81.6,0,2,1,1
2.4,85.3,57.5,1,3,0,1
6.6,95.3,100.3,0,1,1,1
12.5,69.0,73.8,0,4,0,1
13.3,67.4,83.8,0,2,1,1
6.8,43.7,64.5,1,1,0,1
12.2,99.7,33.1,0,3,1,1
6.5,84.2,83.4,1,1,1,1
8.9,114.7,69.1,1,0,1,1
8.4,59.4,62.1,1,4,1,1
3.9,64.3,34.0,0,0,0,1
12.9,80.8,49.7,0,0,1,1
5.7,75.3,50.2,1,1,0,1
8.4,79.8,52.2,0,3,0,1
14.3,75.3,70.9,1,1,1,1
1.7,39.2,93.1,1,0,0,1
3.5,60.8,59.5,1,1,0,1
11.7,41.3,48.2,0,3,1,1
15.5,80.4,70.0,1,1,0,1
15.5,44.1,59.9,0,4,0,1
18.5,102.7,43.8,0,4,0,1
9.6,68.8,93.0,1,1,1,1
7.4,70.5,55.4,0,0,0,1
7.3,72.2,85.1,1,3,1,1
-0.4,114.6,67.8,0,1,1,1
6.2,84.8,88.4,0,4,1,1
4.3,102.2,102.4,0,4,0,1
7.7,63.9,60.6,1,1,1,1
10.7,111.5,73.6,1,0,1,1
18.0,73.1,73.9,0,3,0,1
5.1,44.8,70.1,1,2,1,1
13.9,65.8,67.7,0,4,1,1
15.4,73.3,69.5,0,2,0,1
8.0,85.2,64.4,1,1,1,1
12.8,60.9,79.9,1,3,0,1
12.4,75.6,65.6,0,1,0,1
12.4,46.3,54.9,0,0,0,1
8.3,47.2,64.5,0,1,1,1
12.7,73.3,76.2,0,0,1,1
15.1,84.4,66.8,0,4,1,1
7.3,93.5,68.0,0,2,0,1
10.0,65.1,55.4,0,1,1,1
11.9,49.3,60.3,0,2,1,1
8.5,71.1,61.4,0,3,0,1
20.7,55.8,48.0,0,1,0,1
8.4,90.4,77.5,0,4,0,1
11.8,97.7,60.8,0,1,1,1
11.0,51.6,49.5,0,0,1,1
12.5,91.0,67.5,1,0,1,1
14.2,45.4,82.6,0,2,1,1
8.4,80.3,57.8,1,2,1,1
4.2,60.7,75.3,1,1,0,1
14.6,78.2,69.6,0,3,1,1
10.9,78.7,65.2,1,3,1,1
6.1,79.1,42.8,1,1,1,1
-2.0,69.6,75.5,0,1,1,1
5.1,88.4,60.5,1,0,0,1
13.5,60.2,45.1,1,1,1,1
7.3,32.6,65.2,0,4,0,1
5.6,35.2,55.4,0,4,1,1
10.0,74.4,53.2,1,3,0,1
11.3,94.3,61.0,1,3,0,1
17.0,87.2,76.9,1,0,0,1
-2.1,85.1,69.1,1,2,1,1
11.9,41.7,65.2,0,3,1,1
17.0,80.9,44.7,1,2,0,1
3.7,65.7,55.7,0,0,1,1
5.0,80.3,58.5,0,1,0,1
10.5,113.6,68.2,0,0,1,1
8.1,93.0,85.0,0,2,1,1
7.9,104.7,61.6,0,1,1,1
10.0,110.3,56.2,0,2,0,1
8.8,103.4,68.2,0,1,1,1
12.0,68.6,74.6,0,0,1,1
11.7,60.0,88.7,0,1,0,1
8.5,86.9,68.3,1,1,0,1
12.2,83.2,59.9,1,1,0,1
4.7,88.5,62.4,0,1,1,1
11.6,87.3,42.7,1,2,0,1
5.5,69.9,51.2,1,0,1,1
5.0,75.3,85.1,0,3,1,1
10.0,106.2,82.0,1,4,0,1
12.9,66.3,95.5,1,3,0,1
11.1,69.2,67.2,1,1,0,1
12.8,68.5,84.7,0,3,1,1
1.5,109.9,58.9,1,1,0,1
7.0,90.2,46.6,0,1,1,1
9.2,87.6,82.6,0,3,0,1
12.8,79.1,49.3,1,4,1,1
8.6,60.2,65.2,1,0,1,1
13.7,68.8,39.2,0,4,1,1
12.2,75.3,79.3,1,0,0,1
15.0,105.5,50.4,1,1,0,1
1.1,30.9,62.4,1,1,1,1
9.8,53.0,65.0,1,1,0,1
10.0,67.5,92.7,0,4,0,1
10.1,59.1,85.3,1,2,0,1
7.8,76.1,79.1,0,3,0,1
6.1,118.8,63.7,1,4,1,1
9.2,64.2,62.9,0,2,0,1
16.2,58.5,88.5,0,0,0,1
9.7,88.2,64.7,0,4,1,1
10.7,46.0,63.2,0,4,1,1
19.7,66.2,78.8,0,1,0,1
14.6,56.8,76.1,1,2,1,1
3.7,72.3,76.5,1,0,1,1
6.3,69.2,53.6,1,2,0,1
7.7,58.3,53.8,0,0,1,1
5.8,53.4,74.9,1,3,1,1
4.9,90.4,59.9,1,3,0,1
9.4,41.4,82.4,1,0,1,1
14.9,79.7,88.7,0,1,1,1
5.0,103.4,62.0,1,0,0,1
10.0,83.5,48.3,0,2,1,1
6.9,63.2,65.7,1,2,1,1
13.3,41.2,65.2,1,3,1,1
15.1,74.2,73.4,0,3,0,1
13.6,52.7,70.6,1,4,0,1
-1.0,67.4,47.5,0,3,0,1
21.1,92.5,57.9,0,1,1,1
4.3,69.3,42.5,1,3,1,1
15.3,34.3,83.5,1,4,1,1
4.0,85.2,75.5,0,1,1,1
12.2,75.3,76.0,1,0,1,1
10.8,75.3,67.4,1,3,1,1
5.7,67.7,61.8,0,0,1,1
9.4,115.2,53.9,1,1,1,1
19.1,77.5,65.0,0,4,1,1
10.4,75.1,77.1,1,0,0,1
7.3,100.6,78.3,0,0,1,1
13.3,77.4,55.5,1,0,1,1
7.3,63.3,63.8,1,3,1,1
19.3,75.3,65.2,0,4,0,1
14.2,70.9,65.2,0,2,1,1
4.1,91.4,64.4,1,0,1,1
10.0,77.6,28.1,0,2,1,1
17.3,85.4,59.2,1,1,1,1
-2.0,73.7,67.7,0,1,0,1
9.7,63.4,72.9,0,3,0,1
8.0,112.6,71.1,1,0,1,1
12.4,82.6,55.3,1,2,1,1
7.5,55.8,48.3,0,4,1,1
-0.3,89.5,61.3,0,2,1,1
12.3,54.0,57.0,1,0,0,1
-3.3,56.6,77.8,0,4,1,1
0.9,75.3,73.9,1,0,1,1
11.6,75.4,66.6,1,2,1,1
5.9,72.9,60.4,1,4,0,1
11.7,67.0,48.5,0,3,0,1
11.2,62.4,58.2,0,3,0,1
12.4,71.8,55.0,1,1,0,1
16.4,97.7,60.9,0,3,0,1
18.0,40.5,64.5,0,0,1,1
12.1,117.3,89.9,1,4,0,1
3.3,130.3,65.2,1,2,1,1
5.5,36.4,47.5,0,3,0,1
6.2,78.5,71.6,1,4,1,1
3.6,68.8,39.5,1,4,1,1
18.2,74.7,78.8,0,2,1,1
11.6,76.2,46.0,1,1,0,1
8.5,51.6,107.5,0,0,1,1
10.0,66.6,61.4,0,0,1,1
19.0,59.1,56.8,1,0,1,1
8.6,79.0,64.3,0,0,0,1
4.6,47.3,77.2,1,3,0,1
15.4,70.2,73.6,1,2,1,1
5.0,90.8,70.8,1,3,0,1
5.9,54.8,69.6,0,4,0,1
10.0,74.3,58.3,0,2,0,1
8.8,52.1,62.2,1,3,0,1
8.6,44.5,72.2,1,2,1,1
10.5,80.0,60.0,0,3,1,1
13.6,85.5,52.1,0,3,0,1
9.4,97.5,57.6,1,4,1,1
10.0,63.2,67.7,1,4,0,1
13.2,101.0,87.4,0,1,1,1
7.4,64.6,58.7,1,3,1,1
11.1,70.6,67.1,0,4,0,1
0.1,72.4,71.2,0,0,1,1
12.5,83.5,59.2,1,0,1,1
9.9,91.1,92.5,1,4,0,1
3.1,61.2,35.5,1,2,0,1
5.7,80.9,54.2,1,3,1,1
11.6,75.3,57.7,1,1,0,1
16.5,97.2,63.7,0,0,0,1
7.3,52.5,59.2,0,0,0,1
10.0,100.2,68.9,1,4,1,1
11.1,37.7,65.2,1,4,1,1
13.3,59.6,40.4,0,0,1,1
2.6,88.8,81.2,1,3,0,1
6.1,63.2,81.8,0,0,1,1
7.7,88.4,45.0,0,2,0,1
10.0,40.7,77.1,1,0,1,1
0.8,49.2,73.2,0,1,1,1
10.0,94.7,65.2,0,1,1,1
7.7,79.1,47.0,0,1,1,1
19.3,101.2,65.2,1,3,1,1
15.2,82.3,86.6,0,1,0,1
16.6,91.2,52.5,0,3,1,1
8.2,57.8,44.5,0,4,0,1
4.7,86.1,87.4,0,1,0,1
10.6,118.3,54.8,1,3,0,1
3.7,97.5,56.4,0,1,1,1
5.9,66.8,59.1,1,0,1,1
1.0,109.1,51.8,0,1,0,1
13.2,50.5,71.8,0,1,1,1
13.2,99.1,66.5,0,4,1,1
14.7,40.4,76.7,0,1,1,1
18.5,75.3,80.7,1,2,1,1
6.7,78.4,72.7,0,1,0,1
10.0,75.3,53.1,1,2,0,1
8.3,79.9,66.8,1,2,1,1
14.4,55.6,59.7,1,3,1,1
10.5,60.4,67.7,0,2,1,1
17.2,83.6,61.0,0,2,1,1
4.7,64.2,68.6,0,2,0,1
7.5,94.8,72.2,1,1,0,1
1.6,89.1,65.2,1,2,1,1
7.0,63.1,73.8,1,1,1,1
4.4,87.3,62.5,0,0,1,1
12.0,74.7,64.3,1,0,0,1
10.0,54.6,39.8,1,1,1,1
12.3,72.1,85.7,1,2,0,1
15.1,52.3,121.5,1,0,1,1
6.9,79.3,31.3,1,1,1,1
7.4,53.7,74.4,1,4,1,1
10.0,90.1,78.4,1,4,1,1
16.7,75.6,71.4,0,2,1,1
10.3,64.9,38.7,0,0,1,1
9.5,101.0,61.4,0,4,0,1
9.2,42.6,66.1,1,2,1,1
9.4,64.8,65.8,1,2,0,1
9.4,92.3,61.8,0,3,0,1
14.3,75.3,95.6,1,2,1,1
6.0,57.3,52.5,0,3,1,1
10.8,64.6,82.5,0,1,1,1
10.0,81.4,65.4,1,4,0,1
11.0,66.5,86.3,1,4,0,1
9.1,83.0,69.7,1,4,1,1
13.1,62.5,43.6,1,0,0,1
10.4,88.0,68.6,0,1,1,1
14.4,97.3,72.6,1,0,1,1
3.7,79.7,53.9,1,4,0,1
8.1,85.7,98.9,1,2,1,1
13.4,90.8,58.1,1,4,1,1
8.7,85.0,56.0,1,1,1,1
11.6,25.2,65.2,1,3,1,1
12.9,94.6,60.1,1,4,0,1
11.1,58.3,51.3,0,0,0,1
3.7,88.7,68.1,0,4,0,1
12.4,52.2,72.8,1,1,0,1
16.9,85.7,64.0,1,0,1,1
8.7,71.0,80.9,1,0,1,1
22.2,87.5,65.2,0,2,1,1
12.2,80.9,69.4,0,3,1,1
13.4,76.4,68.1,1,2,1,1
14.3,76.1,83.7,1,2,1,1
4.2,71.3,71.1,1,0,0,1
10.1,79.6,64.2,0,2,1,1
22.9,69.4,58.4,0,3,1,1
10.0,74.2,73.5,1,0,1,1
14.1,92.9,73.6,1,0,0,1
10.9,65.6,81.3,0,3,0,1
13.6,48.9,50.6,0,1,1,1
0.5,89.6,41.5,0,1,1,1
20.6,106.8,62.2,1,3,0,1
9.0,109.5,78.8,0,1,1,1
8.4,32.8,65.1,0,1,1,1
12.6,59.9,57.8,1,2,0,1
5.8,72.5,37.2,1,1,1,1
12.5,99.8,65.4,0,0,0,1
5.9,62.7,56.1,1,4,1,1
18.4,85.7,69.4,0,2,1,1
6.2,81.6,64.4,0,1,1,1
10.7,47.5,43.7,0,2,1,1
3.1,74.5,65.2,0,1,1,1
14.1,90.5,67.1,0,2,0,1
10.0,54.8,49.1,1,0,1,1
12.8,46.3,66.9,0,1,0,1
3.4,55.4,74.1,1,2,1,1
9.3,62.7,73.6,1,1,1,1
11.3,69.2,85.3,0,1,1,1
10.9,86.3,64.4,0,4,0,1
13.4,80.6,51.9,0,2,1,1
6.6,73.1,80.1,1,0,1,1
3.6,129.7,38.2,0,3,0,1
15.8,85.6,72.8,0,4,0,1
9.3,101.1,64.8,1,2,1,1
18.8,99.6,69.8,1,1,1,1
18.0,80.9,53.6,1,3,1,1
13.9,96.7,54.3,1,0,0,1
10.0,83.2,65.2,0,3,0,1
7.2,72.7,68.9,0,4,0,1
8.5,34.6,61.4,0,4,0,1
11.4,100.9,83.5,1,4,1,1
6.6,79.8,65.4,0,3,0,1
6.1,61.5,41.7,1,3,1,1
15.6,53.6,24.7,0,0,0,1
13.9,91.6,69.7,1,2,0,1
10.6,53.5,83.2,0,1,0,1
16.1,101.6,71.1,0,4,0,1
17.0,38.4,90.0,1,3,1,1
-0.5,84.7,86.0,1,3,1,1
12.8,44.0,80.8,0,4,1,1
15.7,64.7,26.8,1,0,1,1
7.5,75.3,65.2,0,4,1,1
10.9,91.6,46.7,0,0,1,1
10.0,81.9,73.1,0,2,0,1
14.9,90.3,87.1,1,2,1,1
13.3,84.1,85.5,0,2,1,1
12.5,66.8,59.6,0,0,1,1
5.6,92.3,77.6,1,2,0,1
4.2,93.8,64.4,1,1,0,1
24.7,75.6,62.8,1,3,1,1
6.3,78.4,44.4,1,4,1,1
5.8,105.7,78.0,0,4,0,1
9.4,75.6,59.4,0,2,0,1
6.5,93.8,60.7,1,1,1,1
6.7,110.9,65.2,1,4,0,1
7.5,70.7,67.6,0,1,0,1
12.7,55.4,68.4,0,2,1,1
2.1,62.5,55.7,0,1,0,1
-4.5,75.0,67.3,0,4,0,1
1.7,86.5,67.4,1,1,1,1
9.9,79.3,69.4,1,1,1,1
8.8,101.7,58.3,0,2,1,1
17.0,88.6,69.5,0,2,1,1
6.5,87.6,77.9,0,2,1,1
8.5,74.7,59.4,0,2,0,1
5.9,116.5,60.2,0,1,0,1
9.4,80.9,77.8,1,0,1,1
2.8,96.9,95.2,0,3,1,1
14.4,86.4,75.2,1,3,1,1
14.0,64.4,79.0,1,4,0,1
7.3,97.8,37.5,1,1,1,1
13.3,75.3,47.6,1,2,0,1
8.1,75.3,93.0,0,0,0,1
11.3,37.7,68.9,0,1,1,1
8.3,83.3,70.5,0,0,1,1
7.3,85.6,57.8,0,0,1,1
16.6,57.3,51.3,1,2,1,1
10.0,71.6,89.5,1,0,0,1
13.2,56.5,83.6,1,0,0,1
15.0,63.3,56.8,1,2,1,1
3.4,78.6,54.6,1,3,0,1
4.3,92.4,79.8,1,2,1,1
8.2,50.6,78.0,1,0,1,1
18.5,88.1,68.0,1,3,0,1
12.5,70.6,84.2,1,4,0,1
9.0,47.5,59.1,0,1,0,1
6.1,96.9,81.8,1,2,0,1
11.4,90.2,54.7,0,4,1,1
15.6,47.2,66.6,0,1,1,1
6.8,86.1,84.7,0,2,0,1
6.7,85.7,51.8,0,1,1,1
4.1,75.3,65.2,0,3,0,1
8.1,85.6,57.5,0,2,1,1
-0.1,30.8,44.2,0,1,0,1
-3.1,64.3,80.4,0,1,1,1
9.5,67.4,58.1,1,3,1,1
16.6,48.4,61.9,1,2,1,1
16.2,65.1,57.8,1,0,1,1
11.9,105.2,61.5,0,1,1,1
9.1,70.8,63.3,1,4,1,1
8.2,113.8,57.2,1,2,1,1
10.7,76.5,80.2,1,2,0,1
9.2,74.1,45.3,0,2,0,1
9.3,81.9,83.9,0,1,0,1
10.7,63.9,68.7,0,1,0,1
12.4,84.1,69.3,1,1,0,1
10.0,94.8,79.9,0,4,1,1
8.4,77.0,40.2,0,1,0,1
7.3,92.0,76.0,0,2,1,1
4.1,111.6,85.1,0,1,0,1
11.8,58.8,79.3,0,0,1,1
12.8,87.6,80.4,0,2,0,1
17.8,78.4,60.3,1,3,1,1
4.9,62.4,60.3,1,3,1,1
11.8,81.9,52.4,0,4,1,1
13.7,70.9,79.5,1,4,1,1
16.0,82.4,74.1,1,4,0,1
7.6,60.6,56.4,1,2,0,1
2.9,75.3,65.7,1,1,1,1
11.4,75.3,100.5,0,1,1,1
5.4,68.7,65.2,1,4,1,1
15.4,75.3,66.7,0,2,1,1
1.8,78.6,50.5,1,1,0,1
10.8,97.9,75.7,1,0,0,1
11.1,74.6,65.2,0,3,0,1
7.9,53.3,45.0,1,2,1,1
10.0,37.7,65.7,0,4,0,1
12.6,72.6,96.1,1,4,0,1
7.9,69.2,70.5,1,1,1,1
10.0,75.3,65.2,0,0,0,1
10.7,34.2,65.2,0,1,1,1
10.1,102.6,81.5,1,3,1,1
4.1,74.9,62.7,1,2,0,1
10.0,99.9,50.2,1,1,0,1
7.3,66.3,65.8,1,2,0,1
10.5,92.7,60.5,1,1,0,1
13.5,109.9,46.8,0,2,1,1
19.5,104.9,84.0,1,1,1,1
11.8,82.8,72.7,0,3,1,1
20.8,90.4,57.0,1,1,0,1
13.8,91.9,72.6,1,1,1,1
5.2,73.4,65.2,1,2,1,1
8.1,126.2,51.4,0,2,1,1
17.4,95.5,67.2,0,1,0,1
8.8,33.4,44.3,0,4,1,1
17.5,47.5,93.6,1,4,1,1
13.8,73.1,63.9,1,2,0,1
9.7,57.3,69.5,1,3,0,1
8.4,85.8,75.7,1,4,0,1
6.4,27.6,56.8,0,0,0,1
14.8,99.8,65.2,0,3,0,1
10.4,75.3,66.8,1,0,1,1
13.2,71.2,66.7,0,4,1,1
13.1,77.3,72.1,0,2,1,1
16.4,98.7,74.2,0,4,0,1
15.5,80.6,65.2,1,4,1,1
6.5,79.2,80.1,1,0,1,1
-0.6,94.4,69.7,1,1,0,1
5.3,78.8,79.4,1,0,0,1
16.6,83.5,70.2,1,2,0,1
10.0,62.9,66.5,0,0,0,1
23.9,75.7,74.0,0,2,1,1
9.7,68.4,81.6,1,2,1,1
11.3,87.0,39.1,1,1,1,1
14.0,57.4,83.1,1,4,0,1
8.4,59.2,68.5,0,3,0,1
9.4,78.1,65.2,1,2,1,1
16.9,39.2,48.0,1,1,0,1
14.9,107.3,76.2,1,3,1,1
0.9,84.8,78.3,1,4,0,1
7.2,62.3,84.1,1,1,1,1
16.1,95.1,81.1,1,3,0,1
10.2,101.8,69.8,0,1,0,1
11.3,51.5,48.4,0,3,0,1
5.7,56.7,72.9,0,0,1,1
10.2,57.3,86.2,1,1,0,1
15.6,86.0,71.8,0,3,1,1
6.3,72.9,64.5,1,0,1,1
13.0,52.0,72.4,0,2,1,1
13.7,63.5,45.9,1,3,1,1
9.7,76.3,39.2,1,2,1,1
10.0,140.4,95.4,1,1,1,1
7.6,67.8,60.7,0,1,1,1
7.4,48.2,70.8,0,4,0,1
15.9,50.2,86.7,0,3,0,1
14.1,91.8,56.9,1,1,0,1
10.3,92.1,65.8,1,2,1,1
13.0,69.7,99.0,1,1,0,1
4.9,77.1,79.6,1,3,0,1
8.6,84.1,89.1,0,3,1,1
3.2,90.5,65.8,0,4,0,1
1.3,5.5,86.8,0,4,1,1
2.6,93.8,69.8,1,0,1,1
11.5,29.5,66.5,0,4,0,1
20.6,111.5,70.1,1,1,1,1
0.1,39.8,70.7,1,1,1,1
9.3,53.2,67.4,1,1,1,1
9.1,78.6,54.2,0,1,1,1
10.0,75.6,73.9,0,2,1,1
5.4,95.3,69.2,0,1,0,1
18.9,85.3,65.2,0,2,0,1
1.2,83.8,43.5,0,4,1,1
5.5,61.0,49.3,1,2,0,1
13.7,76.7,55.7,1,0,1,1
12.6,111.0,49.1,0,1,0,1
14.6,117.7,60.8,0,3,0,1
-1.2,81.3,60.5,1,1,0,1
10.0,67.0,80.1,0,4,1,1
14.9,65.7,66.7,1,2,0,1
6.8,104.6,63.2,0,0,0,1
0.4,69.2,70.8,0,2,1,1
11.1,75.3,48.7,1,4,1,1
20.8,55.1,74.6,1,3,0,1
17.8,75.3,43.7,0,4,0,1
6.0,81.1,52.0,1,2,1,1
6.1,61.5,81.2,0,3,0,1
-1.0,75.3,87.3,0,3,1,1
7.3,33.4,65.2,1,2,0,1
2.3,132.2,61.4,0,3,1,1
12.5,31.2,54.4,0,0,0,1
20.3,64.5,65.2,0,1,1,1
3.3,65.4,59.9,1,2,0,1
5.5,82.3,43.1,0,1,1,1
5.7,123.4,33.1,0,1,1,1
20.2,93.3,57.5,0,0,1,1
0.4,84.1,45.6,1,4,1,1
8.4,75.3,42.7,1,2,1,1
9.7,68.7,60.9,1,2,1,1
3.3,47.2,61.5,1,1,0,1
9.3,70.2,80.4,1,1,0,1
10.8,80.5,68.3,0,1,0,1
15.9,31.1,65.2,0,2,1,1
7.1,48.9,65.2,1,4,0,1
9.7,79.1,57.9,0,3,1,1
4.0,85.9,66.7,1,0,0,1
15.9,114.5,59.3,1,3,0,1
7.0,75.8,84.3,0,2,0,1
11.5,103.9,64.8,1,2,1,1
7.5,62.2,64.7,0,2,0,1
9.8,117.2,65.2,1,2,1,1
1.1,42.3,97.2,0,1,1,1
14.4,59.4,87.7,0,4,1,1
11.5,28.4,68.8,0,4,1,1
9.0,59.3,68.7,1,2,1,1
4.7,75.3,75.5,0,0,1,1
8.0,54.4,58.3,1,4,0,1
12.5,101.8,87.8,1,2,0,1
2.6,74.9,61.0,0,0,1,1
9.5,114.2,91.0,0,1,1,1
2.5,68.0,69.4,0,1,0,1
8.6,57.1,60.6,1,4,0,1
12.2,42.7,51.3,0,1,1,1
4.7,82.8,74.6,0,4,0,1
13.3,75.3,60.8,1,1,1,1
12.0,53.3,74.1,0,1,1,1
12.3,52.4,70.0,0,3,1,1
8.9,96.8,86.2,0,1,1,1
12.6,14.8,64.7,1,1,1,1
14.3,75.5,68.6,0,2,0,1
9.3,75.3,72.6,0,3,0,1
20.0,96.7,70.0,0,3,1,1
4.6,52.2,73.7,0,0,1,1
3.8,90.0,55.3,0,0,1,1
-6.6,97.4,61.1,0,3,1,1
5.9,75.6,44.3,1,0,0,1
10.0,49.1,55.0,0,1,0,1
12.8,93.9,64.7,1,0,0,1
6.9,84.1,63.9,0,3,0,1
5.8,67.1,67.2,0,2,0,1
15.3,56.9,80.8,1,1,1,1
9.7,78.8,46.3,1,0,0,1
8.2,67.2,65.7,0,2,0,1
9.4,74.0,85.8,1,2,0,1
8.3,97.4,65.2,1,3,1,1
10.0,72.2,83.9,0,0,0,1
5.8,104.7,77.7,0,4,0,1
11.5,52.9,78.9,1,1,0,1
19.5,58.7,78.5,0,0,0,1
18.5,39.4,66.8,0,2,0,1
15.5,77.3,59.5,0,3,0,1
17.7,93.1,45.2,1,1,0,1
6.7,83.8,69.1,0,0,0,1
5.4,67.4,91.6,0,2,0,1
9.8,59.4,54.0,1,1,0,1
7.5,60.5,81.6,1,3,1,1
14.8,96.7,71.2,1,0,0,1
10.0,87.2,65.0,1,1,0,1
1.1,54.1,44.6,1,0,1,1
19.4,91.4,57.9,1,0,0,1
11.1,71.0,76.7,0,1,1,1
10.0,105.1,62.2,0,4,0,1
10.4,84.2,65.7,0,3,1,1
4.1,53.4,50.7,0,1,1,1
10.7,75.3,63.3,0,1,1,1
5.1,56.4,63.8,1,2,1,1
8.4,74.6,74.5,0,2,0,1
9.8,64.3,35.5,1,2,0,1
3.5,61.4,70.9,1,2,0,1
1.3,84.1,200.0,1,3,0,1
6.4,85.1,42.5,1,1,0,1
11.2,82.4,74.6,1,4,0,1
10.5,64.3,74.1,1,3,1,1
12.7,73.4,85.4,0,4,0,1
2.1,89.8,73.7,0,0,1,1
11.2,62.7,57.9,1,3,0,1
14.8,76.8,56.1,1,3,0,1
12.0,78.0,62.9,0,4,1,1
6.8,106.6,70.1,1,4,0,1
13.5,101.8,43.0,0,3,0,1
11.5,74.1,79.5,1,1,1,1
16.5,65.2,70.9,0,0,0,1
18.0,81.3,55.7,0,1,1,1
10.0,75.3,82.5,1,1,0,1
5.6,59.6,68.0,1,1,0,1
8.0,63.0,63.3,0,0,1,1
7.1,119.2,54.2,0,3,1,1
12.4,88.5,71.9,0,1,0,1
14.0,73.5,80.7,0,0,0,1
8.4,88.1,47.5,1,0,0,1
10.0,118.9,75.5,1,1,1,1
19.3,52.8,77.8,1,3,1,1
15.1,104.6,62.6,0,1,0,1
18.6,63.0,82.3,0,1,1,1
12.5,52.4,79.7,1,2,1,1
12.5,83.3,68.6,0,1,1,1
12.4,58.5,70.0,0,4,0,1
10.5,90.2,91.7,0,0,0,1
11.0,97.3,55.6,0,1,1,1
10.0,67.1,82.8,0,1,0,1
13.6,50.9,55.6,1,4,1,1
4.4,89.0,62.4,1,0,1,1
11.2,89.2,65.2,0,2,0,1
6.6,60.7,73.6,0,0,1,1
15.7,72.1,72.3,0,2,0,1
7.2,65.4,32.4,0,4,0,1
7.7,97.3,53.5,1,0,1,1
7.6,55.1,55.7,1,3,0,1
12.2,98.9,68.2,0,1,1,1
12.2,63.1,85.0,0,3,1,1
18.1,75.3,78.0,0,2,0,1
10.7,93.8,47.6,0,4,0,1
0.9,56.6,200.0,0,1,1,1
14.2,66.5,88.7,0,2,1,1
11.4,87.0,69.5,1,1,1,1
10.2,66.5,65.2,1,3,1,1
2.9,83.6,90.0,0,4,1,1
9.7,87.3,66.6,1,1,0,1
16.6,75.3,54.3,1,4,1,1
1.5,77.5,26.7,1,0,0,1
8.2,74.3,64.0,1,4,1,1
12.0,78.8,77.2,1,4,1,1
4.0,79.6,74.8,0,1,0,1
12.3,80.8,69.0,1,1,0,1
19.9,85.8,62.1,1,2,0,1
8.8,42.5,66.3,0,2,1,1
8.5,93.4,62.6,0,2,0,1
11.5,90.2,72.0,0,4,1,1
4.2,66.7,73.1,1,4,0,1
18.4,95.3,36.0,0,4,0,1
10.0,86.4,110.8,0,0,0,1
12.1,70.8,65.7,0,3,0,1
13.6,73.1,66.3,1,3,1,1
15.2,108.7,56.9,0,2,0,1
17.3,57.6,64.5,0,3,1,1
6.0,82.9,110.8,1,2,1,1
11.6,68.6,84.9,0,1,1,1
12.2,110.2,56.2,0,1,0,1
10.0,69.5,73.7,0,3,1,1
-2.6,64.7,50.2,0,1,1,1
3.0,88.4,42.0,0,0,1,1
9.5,70.6,73.8,1,1,0,1
3.2,70.2,74.4,0,1,0,1
15.7,49.2,71.3,0,0,1,1
15.2,105.5,63.6,1,3,1,1
-0.0,52.1,65.2,1,4,1,1
10.1,64.3,65.6,0,1,1,1
5.4,56.6,45.0,0,0,0,1
7.1,105.0,47.4,0,1,1,1
4.0,63.4,61.2,1,4,1,1
13.4,89.7,72.9,1,2,0,1
10.4,73.0,54.5,0,4,1,1
8.6,68.4,65.2,0,0,1,1
16.3,89.8,82.9,0,1,1,1
6.5,63.4,68.5,0,3,0,1
15.0,75.3,65.2,1,4,1,1
14.9,108.6,50.0,0,0,1,1
3.1,56.2,72.5,1,3,1,1
8.0,32.3,58.1,0,3,1,1
6.2,76.5,60.8,1,4,0,1
4.3,46.3,47.3,0,2,1,1
15.5,84.9,80.4,1,1,0,1
13.1,39.0,84.5,0,2,0,1
6.1,60.9,56.8,1,3,0,1
9.5,56.8,73.8,1,3,1,1
5.8,86.0,48.8,1,1,1,1
10.5,54.0,58.6,1,3,0,1
6.7,64.6,43.5,0,0,0,1
17.0,55.1,48.4,1,0,1,1
0.1,58.7,65.1,0,4,0,1
10.0,84.9,74.2,1,0,0,1
10.8,91.1,71.2,0,2,0,1
9.5,75.3,36.2,0,1,1,1
14.9,110.9,59.1,0,4,0,1
5.5,36.1,67.3,0,2,0,1
12.3,93.5,48.8,1,4,0,1
10.6,75.3,79.1,1,0,0,1
16.3,92.2,65.2,1,0,1,1
11.6,70.7,77.8,1,3,1,1
-0.5,50.3,76.0,1,4,0,1
11.0,76.2,63.6,1,4,0,1
2.3,80.5,50.5,1,4,0,1
-4.3,90.7,20.1,0,4,0,1
16.7,36.7,59.4,0,1,1,1
5.7,66.8,33.0,0,2,1,1
5.5,100.2,43.1,1,3,0,1
9.7,94.2,48.3,0,4,1,1
3.5,72.5,54.2,0,2,0,1
7.4,104.1,72.5,1,0,0,1
21.7,116.7,66.9,0,4,0,1
10.3,89.4,57.8,1,3,0,1
7.1,100.1,83.9,0,0,0,1
3.3,34.7,65.8,0,4,1,1
11.1,94.9,63.9,0,0,1,1
-1.3,84.8,70.9,0,2,0,1
7.3,71.6,45.8,1,0,1,1
17.6,59.1,77.9,0,2,0,1
7.3,79.6,48.7,1,1,0,1
6.8,76.0,81.8,0,3,1,1
7.0,49.4,76.5,1,4,1,1
7.1,62.4,83.8,1,4,0,1
7.4,70.9,55.2,0,1,0,1
4.4,57.2,65.2,1,2,0,1
9.9,56.2,62.3,0,0,0,1
14.3,73.3,63.0,1,2,0,1
11.1,53.4,75.6,0,1,0,1
8.5,69.2,59.4,1,2,1,1
13.2,45.7,69.5,0,3,1,1
7.5,91.2,42.4,0,1,1,1
4.8,119.9,98.6,1,4,1,1
14.9,81.1,63.7,1,0,1,1
10.1,75.5,65.2,1,1,0,1
11.0,73.2,63.9,0,2,0,1
4.1,86.1,66.8,1,2,1,1
10.0,97.1,63.4,0,4,0,1
6.8,55.3,61.1,0,2,1,1
7.8,90.1,61.6,0,0,0,1
11.9,85.3,78.3,0,4,0,1
14.7,66.5,59.9,1,2,1,1
10.0,58.5,87.4,0,4,0,1
7.0,113.6,66.0,0,1,1,1
10.1,94.9,65.2,0,3,0,1
16.8,45.4,43.2,1,3,1,1
4.0,124.6,66.5,0,2,0,1
13.2,64.3,64.0,0,2,1,1
3.3,44.0,65.2,1,0,1,1
18.1,63.0,45.9,1,2,0,1
10.0,80.9,62.6,0,4,0,1
8.8,44.2,53.5,1,3,1,1
20.1,71.6,65.3,0,1,1,1
10.0,83.0,59.5,1,1,1,1
11.8,65.2,62.3,0,0,1,1
2.2,78.6,65.2,1,1,0,1
9.7,95.6,94.3,1,1,1,1
10.4,30.4,61.0,1,2,1,1
10.0,44.4,43.1,1,4,0,1
12.3,92.3,68.6,1,0,1,1
11.9,49.0,64.5,1,3,1,1
10.6,70.8,71.8,1,2,0,1
10.3,52.9,65.6,0,4,1,1
10.0,84.5,56.0,0,1,1,1
11.3,103.7,71.5,0,0,1,1
5.8,79.5,47.0,0,2,0,1
16.4,95.3,69.8,1,3,0,1
3.2,42.9,83.4,0,1,1,1
15.0,67.6,56.8,1,3,0,1
15.8,77.9,70.3,0,4,1,1
16.4,78.5,60.0,0,1,1,1
14.4,78.4,72.8,0,0,0,1
19.4,55.4,73.3,0,4,0,1
6.7,110.1,79.3,0,0,0,1
8.7,68.2,55.6,0,1,1,1
5.8,77.0,46.2,1,4,1,1
9.1,87.6,53.3,0,1,1,1
4.4,46.0,56.4,0,0,1,1
4.5,65.1,57.3,0,2,1,1
3.7,76.8,44.4,0,4,1,1
5.6,65.6,59.7,0,4,0,1
14.9,59.1,63.0,1,2,1,1
15.5,65.4,60.1,0,4,1,1
11.3,81.9,83.9,0,2,0,1
7.7,105.2,54.3,0,1,0,1
17.4,114.7,61.8,0,2,1,1
7.1,83.6,73.6,0,3,1,1
6.2,97.8,77.7,1,2,1,1
7.7,64.0,65.6,1,2,0,1
6.5,78.6,72.3,0,2,1,1
12.2,76.3,88.2,0,1,1,1
4.1,58.6,75.4,0,0,0,1
22.5,78.1,46.8,0,3,1,1
6.1,47.3,63.6,1,4,1,1
9.7,67.2,83.7,1,2,1,1
19.6,76.3,57.1,0,0,1,1
4.6,73.3,79.5,0,1,0,1
6.9,81.2,63.0,0,2,0,1
4.4,78.2,62.8,0,3,0,1
16.1,49.5,95.8,0,0,1,1
1.5,84.7,54.9,1,1,0,1
8.0,78.5,200.0,0,4,1,1
15.9,57.7,23.0,1,1,0,1
-0.3,83.8,67.7,1,0,0,1
9.2,67.2,55.0,0,0,1,1
0.7,40.2,57.7,0,4,1,1
6.7,47.4,69.6,0,0,0,1
2.6,75.3,47.3,1,2,0,1
8.8,94.4,59.5,1,0,0,1
10.5,88.0,65.2,0,1,0,1
5.8,94.5,56.4,0,1,1,1
-1.5,53.5,81.4,0,3,1,1
18.2,80.1,61.2,1,4,0,1
10.8,96.6,48.5,0,0,0,1
17.2,87.9,38.6,0,1,1,1
10.2,82.5,88.0,1,1,1,1
15.9,67.7,30.8,1,1,0,1
1.6,55.2,71.4,0,4,1,1
9.8,88.0,51.9,1,0,0,1
9.3,83.3,71.7,1,4,1,1
1.5,91.5,102.3,0,1,0,1
12.8,100.9,62.2,0,1,1,1
5.9,75.8,65.2,0,3,0,1
15.1,36.5,67.0,1,2,0,1
8.4,74.3,58.0,1,0,1,1
15.1,86.7,80.6,0,0,1,1
10.0,50.2,91.4,1,2,0,1
7.7,74.6,45.8,0,0,1,1
6.9,65.3,65.2,1,4,0,1
5.3,78.4,60.0,0,2,1,1
7.0,72.2,48.8,0,1,1,1
5.9,61.2,53.9,1,1,0,1
7.0,115.7,68.5,1,1,1,1
8.1,63.0,63.4,0,1,1,1
10.0,52.2,83.6,0,1,0,1
10.8,67.2,34.2,1,3,0,1
14.6,90.5,54.2,0,4,1,1
8.1,83.2,91.6,0,0,0,1
10.0,105.4,75.3,0,4,0,1
8.9,105.4,65.2,1,0,1,1
6.0,88.2,65.4,1,3,0,1
12.3,35.5,70.4,1,0,1,1
9.0,60.5,72.8,0,3,1,1
9.5,72.0,65.2,0,4,0,1
12.1,96.8,72.8,0,1,1,1
8.3,75.3,53.3,0,1,1,1
5.2,43.4,54.1,1,3,1,1
3.4,90.9,60.4,1,4,0,1
5.3,53.9,86.7,1,4,1,1
5.7,44.6,65.2,0,4,1,1
8.4,97.3,63.9,1,0,1,1
10.6,83.4,81.3,0,3,1,1
6.6,67.9,71.7,0,2,1,1
17.4,53.6,50.2,1,2,0,1
13.3,78.7,57.1,0,1,1,1
23.1,76.4,59.2,0,4,1,1
8.3,70.9,65.2,1,1,0,1
-0.4,47.0,77.8,0,0,0,1
13.3,81.0,74.7,0,4,0,1
5.5,94.9,76.4,0,4,1,1
17.9,79.7,65.2,0,1,0,1
10.6,107.8,65.5,1,0,1,1
6.6,87.6,43.6,1,4,0,1
10.0,54.3,72.5,0,1,0,1
10.0,68.2,70.0,0,1,0,1
10.0,75.8,62.0,0,3,0,1
11.5,86.5,81.3,0,3,1,1
11.3,75.3,91.2,1,2,0,1
10.6,90.7,69.2,0,2,1,1
12.2,93.1,46.1,1,0,1,1
8.4,42.7,61.7,0,4,0,1
11.9,64.4,80.6,1,1,1,1
5.9,58.8,38.8,0,4,1,1
9.5,75.0,49.1,0,1,0,1
18.3,65.0,66.8,0,0,1,1
2.7,107.7,53.8,0,2,0,1
4.5,71.1,82.4,0,2,1,1
1.4,66.2,65.2,0,1,0,1
3.4,49.9,65.2,0,4,0,1
-1.0,84.8,72.7,0,1,1,1
8.4,65.4,50.2,0,1,1,1
18.9,87.1,68.4,1,1,0,1
13.6,85.3,70.1,1,0,0,1
14.4,72.3,74.1,1,1,0,1
1.5,102.7,82.5,0,1,1,1
7.4,68.2,102.5,1,2,1,1
16.2,69.5,52.3,0,3,0,1
11.8,68.3,64.5,0,2,1,1
5.1,78.1,58.4,0,2,0,1
6.1,86.8,65.2,1,3,0,1
12.2,87.3,60.2,1,0,1,1
13.7,80.7,65.2,0,4,1,1
11.4,34.0,46.5,1,1,1,1
10.0,50.8,52.0,1,0,0,1
10.0,79.7,57.5,0,3,0,1
16.0,53.5,30.1,0,3,1,1
12.6,57.2,39.6,0,0,1,1
10.0,53.4,39.5,0,1,0,1
6.5,90.5,38.8,0,1,0,1
5.8,32.4,73.3,0,1,1,1
19.7,94.4,58.2,1,2,1,1
11.1,47.7,65.2,1,1,0,1
10.2,59.1,78.1,0,2,0,1
6.8,59.2,45.3,0,0,1,1
10.4,74.0,47.2,0,1,1,1
10.8,53.9,37.7,0,4,1,1
6.0,98.4,65.2,0,3,0,1
14.7,98.0,59.5,0,0,1,1
9.9,111.8,36.1,0,0,1,1
12.9,100.1,54.9,0,1,1,1
10.0,64.5,61.8,1,2,0,1
14.1,104.9,76.4,1,4,1,1
9.1,111.4,53.7,1,2,0,1
10.3,59.6,75.4,1,2,1,1
10.2,68.7,63.2,0,2,1,1
15.8,73.5,73.4,0,1,1,1
3.7,66.6,78.9,1,3,0,1
7.9,62.3,64.8,0,4,0,1
12.9,100.2,75.0,0,3,1,1
12.7,82.7,47.8,0,4,1,1
10.7,88.7,66.8,0,3,1,1
-4.5,66.9,73.7,0,3,0,1
8.2,56.9,80.2,0,1,1,1
-1.0,54.2,70.8,0,1,1,1
7.6,75.3,50.5,1,1,1,1
10.0,65.9,69.5,1,2,1,1
4.4,85.2,41.7,0,4,1,1
7.3,51.9,56.6,1,4,0,1
5.4,87.1,37.6,0,2,0,1
14.1,61.0,81.6,0,3,1,1
20.4,77.4,71.3,1,0,0,1
6.2,80.2,54.0,0,2,0,1
11.4,75.3,65.2,0,1,0,1
10.0,62.6,58.3,1,1,1,1
13.5,101.4,61.0,0,1,0,1
1.3,32.5,80.2,0,3,1,1
10.3,38.2,76.0,1,1,0,1
6.4,40.2,56.3,1,3,1,1
9.6,75.3,64.3,1,4,1,1
10.8,75.3,82.6,0,2,1,1
6.5,40.6,46.3,0,0,1,1
1.0,63.5,68.6,1,0,1,1
14.3,81.3,52.7,1,1,1,1
7.6,75.3,60.5,1,3,0,1
9.8,105.5,53.0,1,4,1,1
3.2,45.5,54.5,1,0,1,1
14.9,99.4,65.2,1,0,1,1
2.9,75.2,64.2,0,2,0,1
6.5,66.9,52.9,0,0,0,1
8.9,67.4,61.5,1,2,0,1
16.3,65.8,60.8,1,2,0,1
13.3,84.9,80.9,1,1,1,1
7.3,90.1,65.2,0,4,0,1
10.4,94.6,65.2,0,1,0,1
0.1,53.0,65.4,0,3,0,1
12.8,100.2,65.6,0,2,1,1
9.4,55.6,76.1,1,4,1,1
10.6,81.4,72.9,1,2,0,1
7.0,35.6,61.2,1,1,1,1
11.5,75.1,71.6,1,3,1,1
10.4,96.2,85.4,1,4,0,1
20.9,79.4,62.6,0,2,0,1
6.9,75.3,41.0,0,0,1,1
22.4,64.4,81.7,0,1,0,1
10.8,59.4,56.2,1,3,0,1
3.9,60.7,59.9,1,0,0,1
13.4,75.3,60.9,0,4,1,1
7.2,100.6,65.8,1,1,1,1
6.3,150.0,62.4,1,1,1,1
12.6,69.2,56.8,1,3,0,1
13.8,53.8,60.4,0,2,0,1
10.0,78.3,73.0,1,0,1,1
17.5,75.3,58.0,1,3,0,1
10.0,84.0,40.0,1,2,1,1
16.8,45.4,68.6,0,0,1,1
13.7,60.2,87.5,0,1,1,1
13.0,103.7,62.3,0,1,1,1
10.6,39.1,46.0,0,0,0,1
-0.2,16.8,57.5,1,1,0,1
4.1,71.7,49.7,0,1,0,1
14.6,98.3,90.6,1,0,0,1
3.0,55.1,62.5,1,2,1,1
4.0,56.4,81.9,1,3,0,1
12.6,75.3,72.9,0,0,1,1
15.0,58.9,61.0,0,0,0,1
17.8,114.9,68.6,1,3,0,1
10.7,71.1,71.9,0,0,0,1
15.2,93.0,58.4,1,1,1,1
7.3,84.4,67.1,0,1,0,1
13.0,45.4,69.3,0,1,1,1
9.7,73.6,63.0,0,0,1,1
8.1,83.8,40.4,1,0,1,1
20.2,76.8,93.8,0,3,1,1
14.6,70.6,63.6,0,2,0,1
11.8,80.0,59.6,0,0,1,1
12.7,75.3,69.8,1,3,0,1
11.1,88.8,77.7,1,0,1,1
-1.7,67.2,82.4,0,4,1,1
16.7,59.9,55.6,0,4,1,1
10.0,58.8,49.1,1,1,1,1
0.3,75.3,65.3,0,0,1,1
8.0,54.4,69.0,1,1,0,1
9.9,79.1,57.9,0,0,0,1
10.4,86.4,92.2,0,3,0,1
10.7,65.8,92.6,1,4,1,1
10.7,63.8,62.9,0,2,1,1
10.1,86.1,59.6,1,0,1,1
15.8,58.0,41.2,1,1,1,1
9.4,100.8,49.2,0,2,1,1
14.2,46.7,51.7,0,0,0,1
10.9,74.6,71.7,0,4,0,1
2.2,59.7,69.0,0,0,0,1
7.8,72.0,64.8,1,0,1,1
11.7,71.0,56.3,0,2,1,1
14.2,75.3,57.8,0,3,1,1
6.5,73.9,73.2,1,0,1,1
12.2,77.2,53.2,1,1,0,1
10.0,52.1,52.5,1,0,1,1
15.4,56.7,68.9,0,3,0,1
14.6,54.7,61.2,0,0,0,1
8.2,60.5,54.8,1,2,0,1
6.0,33.0,60.1,1,2,0,1
8.8,68.2,78.8,0,0,0,1
3.7,49.5,53.6,1,4,1,1
11.7,77.9,51.7,0,0,1,1
16.3,21.0,73.8,0,0,1,1
5.5,111.5,65.2,1,0,1,1
10.0,51.4,54.2,0,4,0,1
7.3,78.9,62.5,1,0,0,1
10.1,67.8,79.6,0,0,0,1
-0.3,77.3,90.4,0,3,0,1
12.0,64.2,83.2,0,2,0,1
11.7,36.4,39.3,1,4,0,1
12.8,72.6,63.1,1,2,0,1
3.1,92.1,38.2,0,0,1,1
13.2,109.9,68.2,0,4,1,1
10.1,42.3,82.0,1,3,0,1
9.8,72.6,75.9,1,0,0,1
13.4,84.0,63.3,0,3,0,1
1.6,86.4,66.9,0,2,1,1
14.9,75.3,65.0,0,4,0,1
9.5,50.5,44.6,1,0,0,1
11.9,112.0,69.7,0,1,1,1
15.1,86.6,56.9,0,3,0,1
6.5,64.8,84.0,1,0,0,1
7.9,79.6,50.0,0,2,1,1
12.7,39.3,62.3,1,2,1,1
16.9,74.2,64.0,0,3,1,1
11.4,83.3,63.6,1,1,1,1
5.4,91.2,59.1,0,1,0,1
10.9,82.7,38.8,1,0,1,1
13.4,62.3,54.9,0,1,0,1
11.0,110.2,81.5,0,4,0,1
-4.2,70.8,46.3,0,4,0,1
16.0,74.7,65.2,1,1,0,1
14.2,77.0,82.0,0,4,0,1
15.2,73.2,64.5,0,0,1,1
9.9,91.4,63.9,0,1,1,1
16.7,98.9,42.8,0,1,1,1
5.2,75.3,56.9,0,3,0,1
17.0,96.4,58.8,1,1,1,1
10.0,77.7,85.7,1,0,0,1
8.0,50.4,44.0,0,0,1,1
11.9,49.7,60.5,1,1,0,1
3.7,75.3,82.5,0,1,1,1
11.5,68.0,34.8,0,4,1,1
4.1,95.1,65.2,0,4,0,1
11.3,84.2,57.9,0,2,1,1
6.9,60.0,67.8,1,0,1,1
15.8,80.7,41.3,0,4,1,1
4.5,49.8,67.2,1,3,0,1
5.1,97.2,61.4,0,2,1,1
6.3,77.8,61.0,1,3,1,1
7.4,93.9,82.5,0,4,1,1
10.2,62.2,66.3,0,4,1,1
12.0,111.8,54.6,1,3,0,1
10.4,60.9,61.9,1,1,1,1
6.0,81.8,43.6,1,4,0,1
-0.4,52.2,68.9,1,1,1,1
8.3,102.1,63.7,0,0,1,1
13.3,70.8,67.4,1,2,1,1
2.6,72.9,63.6,0,0,1,1
11.0,102.7,61.6,1,2,1,1
13.0,48.9,54.7,0,3,0,1
5.4,115.8,47.3,1,4,0,1
10.0,58.1,61.5,0,1,0,1
9.8,85.1,66.2,0,3,1,1
0.3,87.6,60.7,0,2,1,1
8.0,101.1,34.9,1,1,1,1
16.2,81.3,65.2,0,0,1,1
8.2,75.6,66.7,0,1,1,1
13.3,66.3,80.4,1,1,1,1
5.4,59.0,80.3,1,1,0,1
4.3,87.8,46.4,1,4,0,1
4.2,84.4,65.0,0,0,1,1
7.6,53.5,42.2,0,0,0,1
5.2,78.4,76.7,0,1,0,1
5.0,56.4,66.1,0,1,1,1
12.2,75.3,81.3,0,4,0,1
11.0,71.6,59.6,0,3,1,1
9.6,86.6,80.1,1,0,0,1
10.8,66.1,61.6,1,0,1,1
9.1,75.3,72.5,0,3,0,1
4.9,110.7,62.1,1,2,1,1
15.5,134.1,41.4,1,1,0,1
14.8,85.6,52.0,1,1,0,1
10.3,64.0,77.6,1,0,1,1
9.6,71.6,66.2,1,1,1,1
22.3,57.8,68.7,0,3,1,1
4.3,56.3,88.5,0,3,1,1
12.2,54.9,64.7,1,1,0,1
3.8,40.1,84.1,0,2,0,1
-1.0,31.5,69.6,0,0,1,1
7.0,75.3,82.1,1,1,1,1
16.2,77.6,97.2,0,0,0,1
2.1,82.8,65.2,1,3,1,1
5.3,107.5,51.5,1,2,0,1
19.7,52.5,76.3,0,3,1,1
18.8,72.7,62.9,1,1,1,1
4.1,69.5,78.3,0,2,1,1
15.1,83.9,91.6,0,1,1,1
15.1,87.5,55.9,1,3,1,1
5.8,63.1,72.7,1,2,0,1
-4.5,77.5,43.9,0,4,0,1
15.8,110.4,81.6,0,3,0,1
1.0,83.2,63.1,1,3,1,1
1.5,85.1,36.9,1,0,1,1
10.0,16.7,56.4,1,4,1,1
11.0,78.7,56.4,0,1,0,1
10.9,79.6,60.3,1,0,1,1
12.4,83.6,82.9,0,4,1,1
10.0,86.1,63.0,0,2,1,1
16.8,62.9,70.4,1,1,0,1
12.6,63.8,85.0,1,3,1,1
6.4,62.0,78.9,1,3,0,1
5.0,86.7,62.7,1,4,1,1
10.0,84.1,53.4,0,2,1,1
17.2,87.2,71.5,0,1,0,1
14.8,85.8,75.4,0,3,1,1
12.5,88.0,89.3,0,4,0,1
12.6,71.0,44.6,0,4,1,1
3.0,83.8,79.5,1,2,1,1
10.1,57.6,87.4,0,2,1,1
10.2,104.4,63.7,1,4,1,1
13.3,52.9,52.2,0,2,1,1
9.2,71.4,50.6,0,4,0,1
16.5,62.4,58.8,1,3,0,1
7.4,94.5,65.2,0,4,1,1
10.3,88.5,66.3,0,4,0,1
9.7,70.5,72.1,1,3,0,1
17.0,86.9,75.1,1,2,1,1
10.2,82.5,88.7,0,0,1,1
14.5,67.6,60.8,1,3,1,1
18.0,82.9,65.2,0,0,0,1
2.8,84.9,53.2,0,4,0,1
18.8,75.3,73.0,0,4,0,1
6.5,78.2,45.5,0,0,1,1
8.0,90.3,53.4,1,0,0,1
9.6,55.9,48.7,1,2,1,1
16.4,76.9,65.2,0,0,0,1
22.3,92.6,69.6,1,4,0,1
6.5,120.4,60.4,0,4,1,1
17.7,123.0,63.9,1,2,0,1
5.4,58.7,88.1,0,4,1,1
6.9,84.9,37.8,1,1,1,1
13.3,74.6,63.3,0,3,0,1
7.2,42.3,75.4,0,2,1,1
13.6,118.8,58.6,0,4,0,1
17.4,76.1,61.6,0,2,1,1
14.2,71.9,63.0,0,1,1,1
9.4,76.3,61.4,0,2,1,1
1.8,67.7,58.0,1,3,0,1
16.7,75.3,68.7,0,0,1,1
10.5,71.2,63.9,0,3,0,1
9.1,100.7,61.3,0,1,0,1
4.5,58.6,73.7,0,2,0,1
15.0,103.5,70.2,1,1,1,1
14.4,60.0,69.5,1,3,1,1
15.0,61.7,92.8,1,1,1,1
8.2,97.1,58.8,0,4,1,1
11.0,85.1,91.7,1,1,0,1
8.5,50.3,66.2,1,3,1,1
1.7,103.1,58.3,0,1,1,1
2.8,86.7,73.1,1,4,1,1
7.9,39.3,91.7,0,4,1,1
10.0,84.4,64.1,1,4,0,1
7.0,99.8,62.2,0,4,1,1
5.5,36.3,71.2,0,2,0,1
8.4,74.2,80.7,1,3,0,1
12.7,86.0,77.4,1,1,1,1
20.3,100.1,68.9,0,3,1,1
11.5,75.0,64.7,0,1,0,1
15.1,87.3,80.4,0,3,0,1
10.0,85.9,74.0,0,1,1,1
6.8,19.2,66.0,1,0,1,1
5.2,67.9,78.2,0,3,0,1
12.5,47.5,70.3,0,3,1,1
11.4,100.8,35.3,0,2,0,1
5.4,78.0,36.0,1,1,1,1
8.6,73.7,41.4,0,1,1,1
16.7,77.2,57.3,0,4,0,1
11.3,66.8,59.1,1,1,0,1
16.0,34.2,58.4,1,2,0,1
8.7,67.9,58.0,0,4,1,1
10.0,57.1,56.1,0,1,1,1
6.6,86.8,68.3,1,1,0,1
-6.5,95.2,73.7,0,4,1,1
3.6,84.0,54.6,1,3,0,1
14.9,124.4,52.1,0,2,1,1
10.9,84.8,77.5,1,3,0,1
11.2,122.5,69.3,0,1,0,1
18.7,113.7,61.5,1,3,0,1
5.3,72.3,63.3,0,3,1,1
10.2,83.6,72.3,0,1,0,1
9.0,98.5,58.7,0,0,0,1
10.0,72.8,51.0,0,2,1,1
9.4,103.4,77.0,0,1,1,1
4.7,73.5,67.7,0,2,0,1
13.5,55.8,87.8,1,3,0,1
15.5,96.3,86.7,1,3,0,1
9.1,78.2,38.4,1,0,1,1
8.8,74.5,66.3,1,1,1,1
11.0,56.7,42.0,0,3,1,1
4.4,69.7,62.8,0,2,0,1
10.0,57.5,54.1,0,4,1,1
0.1,108.4,39.3,0,1,0,1
11.4,108.3,52.7,1,1,0,1
2.5,47.3,42.5,0,1,0,1
3.1,65.9,29.4,0,2,0,1
15.6,78.1,74.7,0,0,0,1
7.5,80.2,70.3,0,1,0,1
10.4,87.3,43.6,1,4,1,1
12.8,73.1,86.3,0,1,1,1
15.9,101.0,79.8,1,4,0,1
21.7,101.0,50.0,1,1,0,1
5.7,77.0,67.4,0,2,0,1
10.3,75.9,20.1,1,1,1,1
8.1,63.7,63.5,1,2,0,1
8.2,58.6,65.7,0,2,1,1
17.4,75.1,63.6,0,2,1,1
5.0,56.1,73.0,1,4,0,1
1.5,47.1,66.2,0,4,0,1
3.9,42.0,75.1,0,1,1,1
17.3,98.7,67.4,1,2,0,1
15.7,75.3,81.3,1,4,0,1
10.0,43.6,89.2,1,3,1,1
25.5,47.2,57.0,1,2,0,1
13.0,59.6,60.6,0,4,0,1
15.3,90.6,65.2,0,0,0,1
1.8,128.7,65.8,1,1,1,1
2.4,66.2,69.9,1,1,1,1
6.9,42.9,73.6,1,1,1,1
14.1,32.7,68.5,0,1,1,1
22.1,59.1,46.0,0,1,1,1
14.8,69.8,63.6,0,2,0,1
6.3,74.1,69.8,0,4,0,1
13.5,57.6,64.3,1,4,1,1
8.5,74.4,81.4,1,2,1,1
5.2,48.9,54.7,1,4,1,1
10.0,91.8,52.3,1,2,0,1
9.5,95.2,43.5,0,3,1,1
9.4,70.2,87.4,0,2,0,1
6.5,47.7,63.2,0,1,0,1
14.1,47.4,63.4,0,0,1,1
15.5,77.1,64.5,0,0,0,1
4.4,83.8,78.6,1,0,1,1
9.8,68.9,74.5,0,4,0,1
10.8,32.6,102.4,1,2,0,1
13.2,106.0,67.0,0,4,1,1
11.5,76.3,65.2,0,2,0,1
15.0,70.3,52.0,0,2,0,1
10.0,48.3,46.8,0,0,1,1
5.3,47.3,64.5,0,2,1,1
7.6,52.0,52.4,0,1,0,1
18.1,84.4,55.3,0,3,0,1
17.7,63.5,77.8,0,1,1,1
10.7,80.1,69.8,1,1,0,1
9.6,98.8,65.2,1,4,1,1
10.5,91.5,70.1,0,4,1,1
9.5,83.2,65.2,1,1,0,1
12.2,102.3,67.0,0,0,1,1
6.1,56.8,80.0,1,1,1,1
17.0,70.2,46.0,0,2,1,1
6.8,50.1,77.3,0,3,1,1
9.1,62.9,77.2,1,1,1,1
13.3,80.0,58.0,1,0,1,1
15.2,76.6,29.7,1,1,0,1
10.0,64.2,67.4,1,2,0,1
15.0,89.9,59.5,1,2,0,1
10.0,66.1,59.9,1,3,1,1
9.8,94.7,59.4,1,0,0,1
3.8,72.2,64.4,0,4,1,1
23.4,43.7,59.7,1,2,0,1
10.0,62.9,91.9,1,0,1,1
11.5,84.2,75.1,1,2,0,1
5.2,67.8,60.6,1,1,0,1
7.8,73.4,52.6,0,2,1,1
11.9,85.6,55.9,1,3,1,1
10.4,108.9,70.7,1,2,1,1
7.4,94.9,82.6,0,1,0,1
3.5,64.8,45.4,0,3,1,1
3.1,85.3,60.3,0,4,1,1
13.3,83.2,45.7,1,4,0,1
3.5,58.7,61.5,0,2,1,1
6.4,57.9,62.0,1,2,0,1
9.3,98.2,57.3,1,2,1,1
6.2,105.2,77.9,0,3,0,1
14.3,120.9,59.1,1,4,1,1
12.3,37.6,72.7,1,0,1,1
9.8,77.1,76.4,0,0,0,1
4.1,62.8,63.6,0,0,1,1
11.6,82.4,66.3,1,3,1,1
18.0,80.2,43.9,0,1,1,1
5.9,55.2,69.8,1,1,1,1
8.3,72.4,200.0,0,1,0,1
9.8,54.3,75.4,1,4,1,1
6.4,57.3,37.0,1,2,1,1
4.7,75.3,65.2,0,3,1,1
7.7,107.9,56.1,0,1,1,1
13.3,60.9,87.2,1,1,1,1
17.2,92.5,62.8,0,1,1,1
4.5,97.3,200.0,1,3,1,1
2.5,73.1,35.7,1,4,0,1
17.0,72.0,65.2,0,2,1,1
9.2,73.7,73.4,1,1,0,1
17.0,90.6,80.6,0,0,0,1
13.9,61.9,44.8,1,4,0,1
10.0,96.1,94.3,1,1,0,1
10.0,47.1,62.3,1,4,1,1
8.4,83.4,48.9,1,3,1,1
11.0,57.6,69.3,0,4,1,1
15.0,58.6,75.5,0,3,0,1
14.2,69.0,42.9,0,1,1,1
2.6,42.5,51.0,1,0,0,1
17.6,80.0,71.0,0,4,0,1
8.2,75.3,65.7,0,4,1,1
5.1,86.2,76.0,0,4,0,1
14.1,64.8,90.4,0,2,1,1
15.4,45.7,52.0,0,3,0,1
9.1,73.3,53.3,0,0,0,1
11.4,79.3,79.7,0,2,1,1
4.2,73.2,78.5,1,1,1,1
11.7,76.6,65.2,1,0,1,1
4.9,117.8,59.8,0,3,0,1
13.6,83.3,53.0,0,0,0,1
10.0,49.4,70.2,0,4,0,1
4.7,103.8,53.1,0,3,1,1
14.9,73.7,52.2,1,0,1,1
10.3,65.1,71.4,1,0,0,1
12.8,67.5,74.7,0,0,0,1
5.7,74.7,47.4,0,0,0,1
10.6,79.9,83.4,0,2,0,1
5.5,91.8,60.7,0,2,1,1
12.4,79.1,65.2,0,2,1,1
10.1,64.6,63.4,0,4,1,1
1.3,78.6,65.2,1,1,1,1
1.3,72.2,64.4,0,4,1,1
-1.5,49.8,84.8,1,4,0,1
7.7,82.7,72.8,1,3,0,1
7.4,44.8,28.4,0,3,1,1
12.8,71.0,54.9,1,3,0,1
14.7,71.6,79.0,1,2,0,1
1.0,75.3,55.9,0,4,1,1
1.8,86.7,49.3,0,4,1,1
10.0,90.5,76.8,0,0,0,1
11.7,107.4,57.9,0,1,1,1
2.2,89.1,66.4,1,2,1,1
13.4,57.3,37.2,1,2,1,1
7.7,63.8,64.9,0,1,0,1
9.8,46.8,35.5,1,4,0,1
10.6,90.6,59.6,0,4,1,1
8.6,75.3,81.6,1,3,0,1
14.6,60.9,87.5,0,1,1,1
0.6,87.0,38.6,0,2,1,1
11.5,59.9,59.3,0,2,1,1
5.1,77.3,57.8,1,1,0,1
20.1,72.9,74.0,0,2,0,1
0.2,65.3,69.7,0,3,0,1
19.1,75.3,46.8,0,2,0,1
13.9,72.0,56.0,0,1,0,1
10.9,57.5,37.7,1,0,1,1
4.4,64.9,64.9,0,1,1,1
8.2,67.2,92.7,0,3,0,1
10.0,27.5,61.5,1,3,1,1
13.2,95.7,83.6,1,1,1,1
7.0,66.9,43.9,1,4,0,1
8.8,94.6,66.1,0,4,1,1
8.1,91.4,65.7,0,2,1,1
5.8,92.5,81.4,1,1,1,1
2.8,95.2,81.2,0,2,1,1
17.2,85.2,52.9,1,4,0,1
14.8,46.9,79.8,0,4,1,1
4.4,53.4,48.0,1,0,0,1
11.0,59.2,68.1,1,2,1,1
6.7,70.1,55.1,1,1,1,1
4.2,80.0,70.1,1,3,1,1
13.5,60.3,94.8,0,2,0,1
-3.7,62.1,65.2,1,4,1,1
14.2,91.7,86.0,0,2,1,1
-0.4,92.1,57.4,1,2,0,1
13.3,75.7,72.6,0,1,0,1
10.9,57.2,40.9,0,4,0,1
5.6,52.2,27.7,1,3,1,1
10.6,38.9,78.4,0,4,1,1
5.5,33.6,69.4,0,3,0,1
10.1,59.6,77.7,0,0,1,1
7.3,83.7,84.8,1,1,1,1
9.9,52.3,52.1,0,1,0,1
5.8,85.2,200.0,0,3,1,1
9.2,50.6,44.6,1,2,0,1
13.5,123.9,65.2,0,3,0,1
15.8,79.4,75.5,0,2,1,1
8.3,43.2,71.1,1,3,0,1
15.0,92.2,65.2,0,3,1,1
17.8,74.4,67.2,1,4,1,1
10.1,14.3,59.6,0,4,1,1
11.8,85.4,60.7,0,1,1,1
9.7,34.8,62.4,0,1,1,1
16.1,97.6,98.2,0,3,0,1
6.0,79.9,36.9,0,0,0,1
6.5,54.8,66.4,0,1,1,1
1.2,89.1,71.3,1,3,1,1
16.5,88.5,94.2,1,4,0,1
9.8,70.0,66.5,0,2,1,1
11.2,78.5,49.9,1,4,1,1
7.6,75.3,60.4,0,2,1,1
11.5,36.7,68.9,0,0,0,1
4.6,80.1,50.3,0,1,0,1
8.0,53.9,65.2,1,3,0,1
4.9,112.1,42.5,1,4,1,1
8.4,93.6,72.9,1,3,1,1
-0.5,57.6,65.2,0,0,1,1
10.0,73.1,64.1,0,4,0,1
3.7,110.4,63.4,1,4,1,1
13.3,74.7,71.3,1,0,0,1
9.5,85.8,30.0,1,1,0,1
13.8,123.3,85.5,1,4,1,1
8.7,45.1,47.7,0,4,0,1
10.1,66.9,60.4,1,0,1,1
10.0,87.1,50.7,1,3,1,1
4.5,85.0,43.1,1,4,1,1
8.5,95.0,67.4,1,1,1,1
8.4,110.6,71.8,0,2,0,1
9.1,84.8,60.8,0,0,1,1
11.9,83.8,86.4,0,4,0,1
2.8,75.3,79.9,0,3,1,1
10.0,64.2,71.4,0,2,0,1
7.3,62.7,71.0,1,3,1,1
13.5,136.1,21.4,0,3,0,1
8.1,69.6,36.4,0,1,1,1
-1.2,101.1,70.7,0,4,0,1
15.1,74.9,84.3,0,3,1,1
10.0,60.3,57.0,0,2,1,1
10.0,89.7,20.7,1,4,1,1
8.4,52.6,76.0,0,3,0,1
11.1,110.0,89.7,0,2,0,1
2.3,56.1,74.6,0,3,0,1
10.0,70.8,53.2,0,3,0,1
9.2,98.2,69.3,1,0,0,1
3.2,85.1,70.9,0,1,1,1
6.8,36.7,68.2,0,2,1,1
0.6,89.5,58.2,1,4,1,1
9.0,61.1,66.2,0,3,0,1
15.6,82.0,77.9,1,2,1,1
1.5,47.8,68.3,0,1,1,1
11.5,72.2,80.5,1,3,0,1
6.1,115.6,65.0,1,1,1,1
11.0,86.7,55.5,1,1,0,1
7.3,57.9,81.8,0,1,0,1
0.2,96.1,52.7,1,0,1,1
12.7,115.1,55.2,1,3,0,1
15.7,71.5,85.4,1,2,0,1
15.3,80.2,84.6,1,1,0,1
6.0,47.9,58.6,0,4,1,1
16.7,39.7,56.0,0,4,0,1
6.0,96.6,91.4,1,3,0,1
11.7,76.0,57.6,0,1,0,1
-1.0,75.3,105.5,0,1,1,1
16.2,91.7,58.2,1,2,1,1
11.5,71.1,54.4,0,1,1,1
16.4,40.4,55.6,1,0,0,1
10.1,52.7,46.9,1,3,0,1
18.4,94.6,75.7,1,1,0,1
3.0,91.8,67.3,0,1,1,1
5.9,103.7,67.2,1,1,1,1
10.0,89.2,65.2,1,2,1,1
6.1,42.9,54.7,1,1,0,1
13.5,58.8,61.4,0,0,0,1
8.7,80.2,40.6,0,1,1,1
10.2,85.9,70.2,1,4,0,1
14.1,100.2,77.4,1,0,0,1
7.0,79.4,54.0,0,0,0,1
12.6,73.4,72.1,0,1,0,1
12.4,62.6,86.5,0,3,0,1
13.3,75.3,70.2,0,3,1,1
18.4,102.7,61.7,0,1,1,1
9.4,65.8,87.4,0,2,0,1
9.2,99.4,62.1,1,1,0,1
13.6,75.1,70.6,0,1,1,1
5.3,84.5,76.2,0,1,0,1
10.0,45.5,31.2,1,3,1,1
12.4,73.3,72.7,1,4,1,1
3.9,90.1,80.0,0,1,0,1
17.4,49.9,84.7,0,0,1,1
4.4,57.1,60.6,0,4,0,1
17.2,90.1,51.4,0,2,1,1
8.8,62.4,60.3,0,1,0,1
5.5,95.6,81.4,0,0,0,1
6.7,75.8,44.8,0,3,1,1
11.9,73.2,67.0,1,3,1,1
5.1,73.6,53.1,1,3,1,1
18.1,91.5,43.8,0,4,1,1
4.4,83.4,50.3,0,1,0,1
7.6,75.8,61.4,1,1,0,1
7.8,79.8,66.4,0,1,0,1
11.0,75.3,63.5,0,0,0,1
6.1,102.4,64.3,1,2,1,1
-0.5,150.0,86.6,0,0,1,1
14.6,75.3,69.7,1,1,1,1
6.2,28.1,76.7,0,4,1,1
9.1,92.7,49.0,0,3,0,1
11.5,77.3,55.9,0,3,1,1
0.0,28.5,66.7,0,3,1,1
12.5,32.6,61.2,0,1,1,1
18.3,85.8,200.0,1,1,1,1
13.5,104.7,80.4,1,1,1,1
2.0,150.0,48.7,0,1,1,1
8.0,43.6,88.0,1,3,1,1
12.7,43.3,57.2,0,2,1,1
18.4,53.9,73.7,0,0,0,1
9.3,71.3,18.8,0,0,0,1
7.7,97.5,61.5,1,3,0,1
10.4,77.6,72.2,1,2,0,1
3.0,62.6,49.4,1,4,0,1
14.7,25.8,70.1,1,0,0,1
11.2,79.3,39.8,1,1,0,1
21.1,108.1,63.1,1,3,1,1
9.0,93.2,92.4,0,4,0,1
9.7,93.3,48.6,0,2,1,1
13.5,64.6,77.2,0,3,0,1
11.0,111.6,83.6,1,3,0,1
4.6,113.8,80.7,1,0,1,1
8.3,73.0,74.1,0,0,0,1
6.2,63.2,59.0,0,4,0,1
15.3,64.3,77.5,1,0,0,1
11.7,93.8,66.2,1,0,1,1
3.0,85.0,78.3,1,2,0,1
14.2,77.3,35.2,0,2,1,1
13.1,47.7,47.3,0,4,1,1
7.1,79.2,74.8,1,4,1,1
5.6,110.6,62.1,1,3,0,1
13.4,38.9,30.8,1,0,1,1
11.3,64.6,74.9,1,4,1,1
19.0,118.7,56.4,0,2,0,1
20.2,45.9,51.5,0,3,1,1
14.1,58.3,59.4,0,3,0,1
8.8,67.6,49.8,0,4,1,1
15.1,76.0,47.8,1,3,0,1
6.9,82.6,44.2,0,0,0,1
10.8,36.3,53.8,0,1,0,1
4.6,97.0,95.9,1,1,1,1
7.6,64.4,57.3,1,4,1,1
5.9,71.8,68.9,1,2,1,1
13.3,79.4,74.5,0,4,0,1
12.3,75.7,68.8,1,3,1,1
5.7,84.3,55.2,0,1,1,1
11.0,58.1,69.6,1,1,0,1
14.2,119.1,65.2,1,2,1,1
11.6,67.3,59.4,1,3,1,1
10.7,80.5,61.2,0,3,1,1
4.7,74.4,56.5,0,4,0,1
6.6,75.6,67.8,0,2,0,1
9.0,59.4,47.4,1,3,0,1
6.0,86.2,65.9,0,1,1,1
9.6,62.0,66.3,0,3,0,1
9.9,75.3,64.6,1,1,0,1
6.8,70.5,63.3,0,4,0,1
4.8,57.7,68.2,1,4,0,1
12.0,71.4,75.0,1,1,1,1
13.8,48.0,48.9,0,1,0,1
16.7,88.8,71.4,0,4,1,1
3.6,97.0,73.8,1,2,1,1
13.5,68.8,63.7,1,0,0,1
14.6,76.4,79.9,0,1,1,1
10.0,79.2,79.0,0,0,1,1
4.9,95.9,43.9,0,0,1,1
14.1,101.3,54.7,0,2,1,1
18.7,40.5,69.6,0,0,1,1
9.1,29.8,44.8,1,1,1,1
10.0,71.7,55.8,1,4,1,1
3.8,72.6,77.5,1,1,1,1
7.4,75.3,65.2,0,3,0,1
9.6,74.4,57.6,0,1,1,1
8.2,58.1,50.1,0,3,1,1
8.1,77.5,84.7,1,1,1,1
12.5,47.0,51.9,0,4,0,1
15.0,86.6,92.7,1,4,0,1
15.4,53.4,71.2,0,3,1,1
-0.4,49.3,69.1,0,0,0,1
13.9,82.2,77.3,1,1,1,1
13.3,79.6,75.9,0,1,1,1
10.4,133.9,71.7,1,2,0,1
4.9,107.7,67.7,0,3,1,1
12.4,75.3,51.3,1,1,0,1
15.8,86.9,77.5,1,4,0,1
9.6,69.1,77.2,0,1,1,1
14.3,69.4,79.9,1,1,1,1
17.0,49.2,50.0,1,4,0,1
-0.1,61.5,43.8,1,2,0,1
7.2,71.6,51.5,0,2,1,1
8.5,61.2,64.3,0,1,0,1
24.2,96.0,66.6,0,1,0,1
14.6,59.8,61.3,1,4,1,1
13.2,80.3,57.1,1,2,1,1
13.8,103.3,35.0,0,3,1,1
5.7,95.4,66.5,0,0,1,1
10.0,92.1,56.6,0,2,0,1
19.3,92.7,64.3,0,3,0,1
4.7,75.3,53.5,0,3,1,1
18.0,71.8,65.2,0,4,1,1
4.4,60.5,61.2,1,4,1,1
9.7,93.2,53.2,1,3,1,1
13.7,108.7,62.8,0,1,1,1
6.8,46.9,65.8,1,1,0,1
10.0,76.9,65.2,0,0,0,1
0.8,68.9,65.2,0,4,1,1
7.9,113.9,87.4,1,1,1,1
11.4,102.6,39.9,0,0,1,1
11.1,103.4,41.5,1,4,0,1
16.8,62.1,48.1,0,2,1,1
6.8,58.6,70.1,1,0,0,1
19.9,97.6,48.6,0,3,1,1
9.7,113.8,106.9,0,0,0,1
7.1,45.1,62.3,0,0,1,1
12.5,72.6,65.2,0,0,1,1
9.4,84.6,56.5,0,1,0,1
5.6,76.7,78.7,1,4,0,1
1.4,82.0,74.9,1,1,0,1
6.5,67.9,80.7,1,0,0,1
9.3,74.6,44.5,0,0,0,1
3.3,42.1,56.9,0,3,0,1
10.3,60.5,65.8,1,4,0,1
4.1,73.2,69.4,0,2,1,1
10.0,63.7,52.6,0,0,1,1
10.0,88.1,63.4,0,1,1,1
8.5,78.3,68.1,0,1,1,1
14.0,98.9,61.2,0,4,1,1
4.0,110.0,65.2,1,4,0,1
2.6,35.5,62.4,0,4,1,1
9.8,57.9,69.7,1,4,0,1
5.9,52.6,60.3,0,1,1,1
13.9,72.3,89.4,0,0,1,1
10.1,84.1,44.7,0,0,1,1
7.2,79.1,69.7,1,2,1,1
15.2,55.7,60.6,0,0,0,1
5.8,57.6,65.2,1,2,0,1
7.5,61.1,75.2,0,3,1,1
6.4,46.1,65.2,0,4,1,1
7.0,67.5,71.4,1,3,0,1
3.0,59.2,76.9,0,3,0,1
14.8,43.2,71.4,0,4,1,1
16.8,98.6,109.6,1,2,0,1
7.0,86.4,64.2,0,2,1,1
7.2,59.1,62.3,1,1,1,1
9.7,50.7,59.8,0,4,0,1
7.9,79.0,36.6,1,2,0,1
7.4,32.7,67.5,0,0,0,1
10.8,92.4,56.4,0,4,1,1
12.2,69.6,66.8,0,2,1,1
11.1,66.6,87.9,0,2,1,1
12.7,75.3,76.3,1,1,1,1
5.4,79.8,85.0,0,3,0,1
3.9,69.1,65.2,0,0,0,1
8.1,51.0,44.0,1,0,0,1
15.3,78.9,43.5,0,4,0,1
4.6,76.2,56.7,0,4,1,1
12.1,98.1,74.8,0,0,0,1
2.8,66.3,70.3,1,0,1,1
9.4,114.4,58.9,1,3,1,1
13.4,99.6,99.0,0,3,0,1
15.2,72.6,77.4,0,0,1,1
5.1,81.7,65.2,1,1,1,1
10.0,82.2,65.7,0,4,0,1
10.4,62.5,82.6,0,2,1,1
4.1,92.2,83.0,1,0,0,1
12.2,81.2,64.5,1,3,0,1
10.0,48.7,92.1,0,4,1,1
12.5,67.1,37.8,0,3,1,1
9.9,98.6,77.4,0,4,1,1
10.5,91.9,94.0,1,0,0,1
7.9,48.7,44.8,0,2,0,1
9.1,87.1,66.8,0,3,0,1
17.2,94.8,88.3,0,1,0,1
1.2,70.7,76.2,0,0,1,1
12.4,50.3,48.6,0,0,1,1
12.5,88.8,98.7,1,2,0,1
5.5,77.4,62.4,0,1,0,1
-0.5,81.0,71.3,1,0,0,1
14.5,44.6,93.1,1,2,0,1
8.4,76.0,70.5,1,1,1,1
15.9,81.0,37.7,0,4,1,1
10.6,65.0,75.8,0,4,1,1
3.3,55.0,52.0,0,4,0,1
22.1,75.3,57.9,0,4,1,1
1.9,95.2,65.2,0,3,0,1
15.2,64.9,66.9,0,3,0,1
10.4,73.9,42.4,0,0,1,1
8.4,58.6,44.9,1,3,1,1
7.0,75.3,77.3,0,2,1,1
7.2,81.2,60.6,0,3,1,1
12.6,56.7,65.2,0,2,0,1
8.0,89.5,76.2,1,3,0,1
6.6,55.2,43.8,1,3,1,1
3.9,68.7,75.8,0,3,1,1
10.8,53.8,46.5,0,1,0,1
10.4,48.0,75.5,1,0,1,1
5.3,66.3,60.2,0,3,1,1
9.4,121.2,98.7,0,0,1,1
8.2,90.6,51.0,1,4,0,1
14.7,57.0,75.4,1,1,0,1
13.2,84.5,48.9,0,2,0,1
3.7,88.5,50.9,1,2,1,1
16.0,85.9,65.2,0,1,1,1
12.1,70.9,65.2,0,4,0,1
16.3,77.1,63.9,0,4,0,1
5.7,50.3,52.5,1,0,1,1
7.0,59.4,83.7,1,3,0,1
13.2,84.4,46.7,0,3,0,1
9.2,63.3,61.5,0,4,1,1
7.3,92.3,65.1,0,2,0,1
8.4,41.0,63.8,0,2,1,1
7.1,64.0,63.7,1,1,1,1
12.9,76.7,45.4,0,1,1,1
16.1,74.2,84.3,1,1,1,1
7.9,119.5,53.1,0,3,0,1
9.4,63.2,47.7,1,2,1,1
16.2,88.9,56.1,0,4,1,1
-1.0,94.3,80.3,0,2,0,1
10.5,105.7,66.2,1,1,1,1
3.5,52.4,36.5,1,0,1,1
18.7,75.3,54.1,0,3,0,1
7.4,94.0,65.1,0,4,0,1
19.8,45.6,95.7,1,1,1,1
6.1,30.0,68.8,1,4,1,1
9.9,67.3,45.1,1,2,1,1
12.2,49.6,67.0,1,4,1,1
-1.0,96.8,60.8,1,4,0,1
15.2,60.7,67.7,1,3,0,1
11.9,98.3,57.0,0,0,0,1
-2.2,101.9,65.1,0,1,0,1
13.2,104.9,72.8,1,4,1,1
6.0,67.2,52.3,0,4,0,1
12.0,78.7,90.2,0,0,1,1
8.7,69.7,56.5,1,3,1,1
4.1,69.5,65.9,0,4,1,1
7.2,56.9,36.5,1,1,1,1
2.3,60.6,67.8,1,2,0,1
12.2,30.9,64.6,0,3,0,1
14.2,61.8,60.3,0,0,1,1
7.2,70.3,72.7,1,2,1,1
17.0,79.7,42.5,0,0,1,1
12.5,69.8,69.6,0,2,1,1
7.0,54.8,44.2,0,1,1,1
17.2,59.1,78.6,0,2,0,1
8.4,47.5,69.0,0,4,0,1
10.0,75.3,72.2,0,1,1,1
14.6,106.5,59.0,1,0,0,1
10.0,75.3,82.1,0,1,1,1
4.3,59.5,56.1,0,3,1,1
17.5,71.7,83.2,0,4,1,1
12.4,42.1,82.2,1,1,0,1
10.3,53.7,77.1,0,1,0,1
26.4,53.1,59.1,0,4,0,1
17.3,116.2,75.3,0,4,0,1
5.6,68.5,84.6,0,4,0,1
11.3,40.8,70.3,0,0,0,1
11.9,69.4,69.0,0,3,1,1
12.3,76.6,63.1,0,1,0,1
4.8,50.8,83.6,1,4,1,1
10.1,96.2,60.3,0,2,1,1
10.0,78.8,98.4,0,3,1,1
2.9,98.1,63.4,1,4,0,1
3.7,88.0,51.2,0,2,1,1
11.8,60.5,66.7,0,1,0,1
5.3,86.8,61.5,1,4,0,1
9.4,109.6,55.8,1,3,0,1
12.4,104.5,72.1,1,3,1,1
10.4,63.0,66.4,0,0,0,1
10.7,70.9,76.5,1,0,0,1
13.3,122.2,65.4,1,1,0,1
8.4,104.0,65.2,0,2,1,1
2.3,50.2,65.0,0,4,0,1
8.4,74.7,63.4,1,0,0,1
3.5,63.0,62.3,1,2,1,1
17.4,67.3,86.1,0,1,0,1
1.3,64.0,84.9,1,2,1,1
6.0,59.5,28.4,1,0,1,1
14.1,81.4,66.7,1,2,1,1
10.0,72.9,65.2,1,1,0,1
1.7,89.6,48.6,0,3,1,1
10.0,72.5,52.3,0,4,0,1
16.4,93.8,68.5,0,1,0,1
19.6,49.7,60.0,0,4,1,1
-9.2,91.1,64.3,0,4,1,1
7.0,65.0,84.2,1,4,1,1
2.4,45.3,45.0,1,0,1,1
15.3,70.7,74.5,1,1,0,1
5.9,104.9,76.5,1,4,1,1
12.6,78.0,72.7,1,4,1,1
9.6,74.0,55.5,1,4,0,1
17.3,68.3,58.6,1,0,0,1
8.1,104.8,60.5,1,1,1,1
6.9,41.2,66.6,0,2,1,1
7.1,42.6,54.2,0,1,0,1
4.8,58.1,47.9,0,1,1,1
16.7,84.4,54.6,1,4,0,1
13.9,53.4,62.7,0,0,0,1
5.0,62.5,63.6,1,2,1,1
16.3,65.8,56.2,0,2,0,1
3.5,100.3,68.7,0,4,0,1
15.1,84.1,62.9,1,0,0,1
14.9,104.4,65.2,0,3,1,1
12.9,98.8,51.2,1,1,1,1
6.1,63.3,57.9,1,0,1,1
11.2,72.9,65.1,1,2,1,1
-0.8,84.9,83.7,1,4,1,1
14.2,66.0,65.2,1,1,0,1
5.2,84.3,66.2,1,1,1,1
14.6,83.3,59.6,1,2,1,1
10.1,81.1,42.2,0,2,0,1
10.2,104.7,71.7,1,0,0,1
3.0,23.6,79.1,1,1,1,1
3.0,113.5,73.9,0,3,0,1
8.9,104.0,85.7,1,3,1,1
7.1,80.4,72.8,1,1,1,1
-2.4,78.2,59.5,1,2,0,1
7.7,97.8,55.5,0,1,0,1
11.3,90.9,58.1,0,2,1,1
10.9,73.5,98.9,1,3,0,1
4.8,95.0,82.0,1,0,0,1
18.3,62.1,88.3,0,3,0,1
7.4,79.0,54.3,1,1,1,1
7.4,68.2,93.7,0,1,0,1
11.4,71.4,48.5,1,1,1,1
10.0,108.1,51.1,1,1,0,1
12.1,66.7,54.1,1,0,1,1
6.3,58.0,63.2,0,3,0,1
6.5,98.6,92.6,1,2,1,1
6.5,62.6,57.2,0,2,0,1
14.8,76.2,65.2,0,0,0,1
6.0,54.4,75.7,1,4,1,1
12.9,53.9,65.2,1,3,1,1
12.2,54.1,76.4,1,1,1,1
9.3,74.8,80.8,0,0,1,1
9.3,88.6,67.0,1,1,1,1
19.9,72.2,82.2,1,3,1,1
7.3,88.0,78.0,1,0,0,1
11.7,104.8,78.4,1,2,1,1
8.1,28.2,56.4,1,4,0,1
14.8,95.3,65.2,0,2,1,1
8.6,86.1,55.2,1,1,0,1
8.1,106.4,69.2,0,0,1,1
10.0,73.8,115.9,1,2,0,1
11.5,74.6,81.7,1,2,1,1
15.2,125.2,42.4,1,0,0,1
10.3,84.4,69.3,0,1,1,1
10.1,49.4,45.1,0,4,1,1
7.4,92.6,52.9,0,2,1,1
3.4,85.1,63.7,0,4,1,1
5.0,86.7,60.0,1,1,1,1
10.0,100.7,79.4,0,0,1,1
13.0,73.7,53.2,0,4,1,1
15.7,83.4,57.2,0,3,1,1
10.5,75.3,89.3,0,1,0,1
9.4,107.1,33.8,1,3,0,1
18.3,71.4,51.3,1,3,0,1
4.3,75.3,61.6,1,1,0,1
10.5,62.8,72.0,1,1,1,1
0.4,88.5,63.7,1,1,1,1
14.9,61.5,44.3,1,1,0,1
4.5,72.8,58.4,1,2,0,1
8.9,65.1,71.0,0,1,0,1
15.2,86.5,51.6,0,0,0,1
10.1,62.3,90.3,1,2,0,1
9.4,47.4,60.6,1,2,1,1
2.5,103.9,44.1,0,3,1,1
12.5,73.4,43.4,0,3,0,1
14.3,113.6,72.3,1,2,0,1
1.5,68.0,68.5,1,0,1,1
19.0,62.5,72.1,1,1,0,1
16.0,71.9,99.7,0,4,0,1
16.8,95.0,78.4,0,4,1,1
-0.3,85.5,75.7,1,3,0,1
9.0,91.5,61.4,1,2,0,1
10.0,75.3,65.2,1,0,1,1
11.3,65.2,69.7,1,4,0,1
11.6,94.3,65.2,1,4,0,1
13.7,61.6,51.0,1,1,0,1
12.6,46.2,40.4,0,2,1,1
5.6,100.3,67.0,1,4,0,1
9.7,92.8,93.5,0,3,0,1
7.7,101.4,64.0,1,2,0,1
9.8,48.7,76.5,1,1,1,1
15.8,82.6,86.3,0,1,1,1
2.2,91.3,89.7,1,0,0,1
9.7,91.6,64.4,0,1,0,1
6.0,62.4,63.5,1,0,0,1
4.2,54.7,61.5,0,1,1,1
10.0,77.4,45.6,0,1,1,1
18.6,102.7,45.3,0,3,0,1
2.9,71.9,30.5,0,2,1,1
14.1,72.8,63.2,1,1,1,1
4.4,101.9,53.3,0,0,1,1
5.3,81.2,80.1,1,0,0,1
12.9,41.1,56.4,0,4,0,1
-2.8,68.6,84.3,1,1,0,1
10.6,69.0,49.4,0,4,1,1
10.0,46.2,49.8,1,3,0,1
6.5,57.1,63.3,0,1,1,1
10.0,150.0,35.2,1,0,0,1
8.4,88.3,92.1,0,3,0,1
14.2,74.4,64.3,0,1,0,1
14.0,82.0,65.2,1,0,1,1
10.6,87.2,83.8,1,1,0,1
16.1,101.6,63.5,1,3,0,1
13.8,30.4,89.7,0,0,1,1
3.2,61.0,60.8,1,1,1,1
1.7,38.4,63.9,1,0,1,1
6.1,35.5,52.1,1,2,1,1
-0.6,98.1,67.2,0,0,1,1
10.6,94.9,54.3,0,1,1,1
8.7,90.0,55.9,1,0,1,1
17.1,112.0,66.4,0,3,0,1
18.6,73.9,60.5,1,0,0,1
16.0,35.5,77.1,0,1,1,1
15.7,70.5,69.7,0,1,1,1
8.7,82.3,45.8,1,3,1,1
21.6,53.1,27.0,0,4,1,1
8.2,48.6,53.8,0,1,0,1
8.7,51.6,76.3,1,2,1,1
9.3,92.4,92.8,1,2,1,1
12.4,76.3,61.1,0,2,0,1
9.2,81.0,58.0,1,2,1,1
11.3,91.7,57.0,0,0,0,1
6.6,69.9,72.1,1,2,0,1
8.2,82.8,54.1,1,4,0,1
12.4,95.8,45.3,1,3,0,1
14.4,69.9,47.7,0,1,1,1
14.5,63.5,77.1,1,3,0,1
10.0,51.4,83.4,1,4,0,1
9.8,46.8,77.0,0,0,1,1
5.0,80.6,44.4,0,4,1,1
10.0,76.4,59.9,0,2,1,1
8.6,63.2,53.8,0,1,0,1
4.8,43.9,73.3,1,1,1,1
1.1,73.4,90.3,0,2,0,1
13.3,115.4,70.7,0,1,1,1
17.3,86.1,80.6,1,0,0,1
7.3,84.5,52.1,1,3,0,1
16.7,91.9,53.5,0,0,1,1
16.4,84.3,86.8,1,1,0,1
10.1,73.5,81.0,1,1,1,1
15.9,84.7,60.9,0,1,0,1
14.1,87.7,71.2,1,4,0,1
7.6,67.8,68.7,0,4,1,1
5.7,70.3,85.1,0,4,1,1
3.7,73.5,83.4,1,2,1,1
4.4,111.6,80.4,1,0,1,1
14.2,81.6,62.7,1,3,1,1
10.0,78.2,57.1,0,2,1,1
6.1,74.4,46.0,0,4,1,1
5.5,68.8,57.7,1,3,1,1
3.8,94.1,82.2,0,2,1,1
11.0,90.9,61.6,0,2,1,1
5.7,57.7,88.1,0,1,1,1
10.0,85.5,68.3,1,0,0,1
4.4,56.5,69.6,1,0,0,1
9.6,73.2,69.5,0,0,0,1
5.3,69.5,70.6,1,2,0,1
14.8,53.2,75.6,0,2,1,1
13.8,84.2,80.4,0,4,1,1
13.4,71.9,48.9,1,1,0,1
22.8,56.7,62.2,1,2,0,1
9.2,102.8,65.2,1,3,1,1
2.6,73.6,58.0,0,0,1,1
9.7,61.5,68.1,1,0,1,1
15.0,64.1,87.5,1,4,1,1
11.1,72.6,99.0,1,1,0,1
0.4,75.1,47.6,0,3,0,1
12.9,94.4,55.1,0,2,1,1
24.9,60.4,79.8,1,1,1,1
19.1,70.1,59.0,0,1,0,1
5.5,76.8,63.3,1,3,1,1
10.4,58.1,43.6,0,3,0,1
10.0,89.7,50.2,0,4,1,1
1.0,74.9,76.4,1,0,1,1
9.7,72.3,66.6,1,3,1,1
11.4,85.4,39.8,1,2,1,1
10.2,83.2,45.2,1,4,0,1
4.4,78.8,74.1,0,4,1,1
16.9,98.5,42.8,0,3,0,1
5.8,77.8,44.8,0,0,0,1
12.7,38.0,42.1,0,4,0,1
12.1,75.0,83.4,0,1,0,1
2.6,74.4,75.4,1,4,1,1
9.9,92.8,74.0,0,1,1,1
10.7,55.7,73.5,1,0,1,1
15.6,57.4,57.4,0,1,0,1
10.9,46.1,89.2,1,2,0,1
9.1,42.0,57.8,0,1,1,1
16.3,73.4,67.8,0,0,0,1
12.4,82.1,57.2,0,0,1,1
11.6,88.7,83.4,1,3,0,1
14.8,60.6,74.6,0,3,0,1
11.1,77.2,64.7,1,3,1,1
17.1,89.4,65.2,0,1,1,1
16.6,75.3,71.7,1,3,1,1
14.6,79.5,26.5,1,1,0,1
10.1,81.1,81.9,1,1,1,1
12.7,92.4,46.8,0,3,1,1
3.6,62.5,52.0,1,2,0,1
2.5,55.8,48.6,0,2,1,1
10.0,72.7,59.0,0,4,1,1
23.2,71.4,62.2,0,1,0,1
12.0,131.3,53.1,0,1,1,1
10.0,80.7,61.3,1,2,1,1
10.3,56.5,64.7,0,4,1,1
25.7,54.6,81.8,0,3,1,1
5.9,55.3,57.6,0,3,0,1
10.0,84.0,58.3,1,4,1,1
2.0,75.5,79.1,0,3,0,1
9.7,82.2,65.3,1,3,0,1
15.0,81.5,40.0,1,4,1,1
14.2,75.9,87.4,1,2,0,1
15.0,53.2,67.0,0,2,0,1
11.0,96.8,60.7,0,1,0,1
11.3,68.6,74.2,0,4,1,1
7.1,85.8,49.4,0,0,1,1
9.3,86.5,57.1,1,2,1,1
10.2,73.9,82.3,1,3,1,1
3.6,77.0,65.1,1,0,1,1
5.3,81.9,32.3,0,3,0,1
18.0,87.5,86.5,0,0,0,1
9.9,39.3,65.2,0,3,0,1
10.2,64.1,71.9,1,2,1,1
7.2,113.6,69.9,1,2,1,1
19.5,86.4,48.9,1,0,0,1
12.8,30.2,85.6,0,1,0,1
12.2,86.2,57.0,0,2,1,1
12.0,65.2,78.2,1,3,1,1
10.2,75.3,96.6,1,3,1,1
11.2,84.1,74.5,0,2,1,1
9.2,75.3,55.8,0,3,1,1
7.8,100.8,65.2,0,2,0,1
6.6,72.3,85.3,1,1,0,1
14.4,65.8,200.0,0,1,1,1
12.7,70.8,63.9,0,2,0,1
9.6,63.2,65.2,0,2,1,1
10.4,49.3,107.8,1,2,1,1
9.9,92.9,46.6,0,0,0,1
12.2,75.8,28.8,1,4,1,1
13.8,94.8,87.3,1,2,1,1
7.7,114.5,71.7,0,4,0,1
8.7,111.5,43.4,1,0,0,1
7.8,54.7,41.7,1,0,0,1
1.9,86.3,68.1,1,4,0,1
16.0,102.5,53.7,0,3,1,1
14.9,63.5,91.1,1,0,1,1
9.6,74.5,80.2,0,2,1,1
6.4,80.9,73.6,1,3,0,1
15.6,99.4,100.4,0,3,1,1
8.0,75.3,31.5,1,2,0,1
10.2,89.5,74.0,0,2,0,1
5.4,114.2,69.0,1,0,1,1
7.9,79.7,76.4,0,3,1,1
11.8,26.4,67.1,0,2,1,1
6.8,116.0,79.1,1,1,1,1
11.7,107.0,49.4,1,2,1,1
7.4,94.6,84.8,1,2,0,1
9.8,76.9,88.1,0,2,1,1
5.0,89.2,60.7,0,0,1,1
4.4,80.1,88.3,1,2,0,1
1.4,94.1,71.3,0,2,1,1
10.3,105.5,76.9,1,2,1,1
3.0,70.3,44.1,0,1,0,1
18.4,73.9,39.5,1,0,0,1
4.1,46.0,79.9,0,1,0,1
13.0,71.9,51.3,0,2,1,1
17.3,69.4,54.2,0,4,1,1
10.0,60.3,59.6,1,2,0,1
10.6,68.2,47.8,0,4,0,1
3.2,64.8,55.6,0,1,1,1
10.8,78.7,50.4,0,0,0,1
7.8,63.1,84.8,0,1,0,1
-0.4,34.8,48.9,1,4,1,1
11.1,79.0,67.4,0,2,0,1
10.0,80.8,28.6,1,3,1,1
17.6,72.7,85.8,1,0,1,1
-0.4,44.2,84.3,0,2,1,1
10.1,61.4,68.3,1,1,1,1
12.6,48.5,56.1,1,2,0,1
13.3,77.1,72.2,1,1,0,1
6.5,95.8,81.1,0,4,0,1
10.0,68.3,54.5,1,3,1,1
18.7,97.5,65.2,1,1,1,1
10.0,78.5,84.0,0,2,0,1
2.8,66.7,59.0,0,1,1,1
4.6,68.6,98.7,0,4,1,1
5.1,44.3,60.5,1,0,1,1
19.5,116.5,78.0,1,4,1,1
8.0,92.5,79.9,0,4,0,1
10.0,91.6,68.0,1,0,1,1
18.1,98.0,73.0,1,3,0,1
10.6,86.5,44.3,1,1,0,1
17.6,103.0,87.2,1,3,1,1
10.7,83.6,86.1,1,3,1,1
10.0,50.1,55.6,0,3,1,1
7.2,93.1,65.2,0,3,1,1
7.4,44.8,73.9,0,1,1,1
6.3,82.4,72.6,0,1,1,1
4.8,65.0,76.7,1,2,1,1
18.2,71.6,56.2,0,0,0,1
11.3,64.4,74.0,0,4,1,1
4.1,96.2,46.9,0,3,0,1
13.3,61.3,54.3,0,2,0,1
15.2,75.3,60.7,0,0,1,1
14.7,53.8,81.2,0,1,0,1
10.6,75.2,59.4,1,1,0,1
7.0,61.3,67.3,0,2,0,1
18.1,82.3,61.7,1,2,0,1
10.2,58.1,48.6,1,2,1,1
12.4,83.6,73.7,1,3,1,1
13.5,79.3,55.2,0,1,1,1
8.8,81.3,85.2,0,3,0,1
10.6,69.6,51.1,0,1,1,1
11.7,64.4,79.4,1,4,1,1
10.1,54.2,40.2,1,4,1,1
16.1,73.2,62.1,0,1,0,1
10.0,61.2,59.3,0,1,1,1
10.1,73.0,69.0,0,0,0,1
15.9,85.6,59.9,1,0,1,1
19.7,108.7,70.5,1,1,0,1
17.4,41.5,37.7,0,0,0,1
10.9,52.0,62.7,0,2,0,1
-0.6,76.1,66.5,0,4,0,1
12.2,77.9,48.5,0,4,1,1
3.3,36.1,29.1,0,1,1,1
9.7,87.2,45.5,0,3,1,1
8.3,43.4,50.7,0,1,1,1
7.5,98.0,76.0,1,2,0,1
12.7,86.7,55.4,0,1,1,1
9.5,82.2,38.2,1,2,1,1
2.9,88.5,66.5,1,1,1,1
13.8,120.8,76.7,0,4,0,1
10.0,83.7,69.9,1,2,0,1
11.6,85.0,53.1,0,3,0,1
12.9,80.1,77.3,1,1,0,1
13.3,67.2,54.3,1,0,1,1
1.5,96.7,67.2,0,4,0,1
0.8,98.0,79.9,1,2,0,1
10.3,101.5,81.0,0,3,0,1
2.1,86.4,55.7,1,0,1,1
19.0,64.6,76.6,0,3,1,1
14.0,93.6,50.2,1,1,0,1
15.4,31.1,70.3,0,1,1,1
6.8,41.4,75.9,0,1,1,1
5.9,57.5,56.4,1,4,0,1
6.0,53.1,62.1,1,2,0,1
3.0,88.9,65.2,0,1,0,1
14.4,58.7,61.8,0,4,0,1
14.2,84.2,53.1,1,0,0,1
12.6,101.4,72.2,0,1,0,1
12.7,91.3,89.6,0,2,1,1
15.7,86.1,69.8,0,1,0,1
11.7,54.7,41.8,0,3,1,1
16.8,50.2,60.5,0,4,1,1
1.4,67.8,60.0,1,1,1,1
5.3,91.8,56.3,1,2,1,1
9.4,77.8,65.7,1,1,0,1
2.3,75.3,65.2,0,2,1,1
7.2,124.1,60.9,1,4,0,1
10.1,70.1,88.1,1,3,0,1
14.1,59.7,51.1,0,1,1,1
6.9,70.2,66.5,0,3,0,1
6.8,28.3,36.3,1,4,1,1
12.4,67.9,70.5,1,2,0,1
9.6,66.8,41.7,0,3,0,1
8.8,69.8,70.5,0,1,0,1
10.4,75.3,35.4,1,2,1,1
8.3,75.3,58.2,1,2,0,1
5.5,72.4,42.5,0,3,1,1
9.5,70.7,63.8,0,1,1,1
11.3,100.4,53.2,1,3,0,1
10.4,102.8,38.4,1,4,1,1
12.0,88.6,83.0,1,0,1,1
18.2,108.1,75.5,0,1,1,1
4.8,65.4,91.2,0,4,1,1
8.0,79.3,54.3,1,0,1,1
8.3,75.3,83.5,1,0,1,1
10.4,81.5,85.6,1,0,0,1
4.1,113.1,61.5,0,3,1,1
5.1,82.1,65.2,1,1,0,1
16.5,70.2,74.7,0,1,0,1
0.8,57.7,80.6,1,1,0,1
11.6,122.8,80.5,0,1,0,1
7.2,99.4,32.0,0,2,0,1
5.1,121.0,55.1,1,3,1,1
15.1,91.1,82.2,1,4,0,1
11.9,109.5,65.8,0,4,1,1
4.3,74.3,69.9,0,3,0,1
7.6,94.1,64.3,1,3,0,1
10.1,65.4,70.2,0,1,0,1
8.0,54.9,59.4,1,3,1,1
12.3,29.1,48.4,0,3,1,1
11.7,68.8,63.1,1,0,0,1
10.0,45.4,77.4,0,2,0,1
13.4,93.8,60.8,1,1,1,1
10.7,72.9,62.0,1,2,0,1
1.9,42.4,88.2,0,3,0,1
20.6,84.6,56.5,1,1,1,1
10.1,102.1,65.6,0,3,1,1
2.6,71.8,69.0,0,1,1,1
14.7,101.8,41.9,0,2,1,1
10.2,104.4,200.0,0,1,1,1
4.5,65.3,72.9,0,3,0,1
17.7,90.8,71.2,1,0,1,1
10.9,108.1,71.6,0,2,1,1
10.8,91.1,53.0,0,0,1,1
13.4,94.6,52.9,0,4,1,1
8.5,54.4,92.0,0,3,0,1
14.0,63.5,46.0,1,4,1,1
7.7,90.4,91.3,1,4,0,1
15.2,93.3,78.4,0,4,0,1
17.7,82.8,86.4,1,2,1,1
17.0,59.3,64.7,1,2,0,1
10.0,53.2,83.1,0,1,0,1
5.7,55.5,85.7,0,3,0,1
10.1,59.1,31.4,0,1,1,1
17.6,84.7,45.3,1,3,1,1
14.5,95.9,74.7,0,4,0,1
5.3,47.4,51.2,0,1,0,1
13.1,75.3,55.5,0,2,1,1
13.5,67.3,51.1,0,3,1,1
6.3,75.2,41.1,0,2,1,1
11.9,75.0,71.1,1,2,0,1
11.7,69.5,69.9,0,2,1,1
15.5,75.3,79.0,1,2,1,1
5.2,75.8,50.9,0,1,0,1
11.1,95.0,71.9,1,4,1,1
11.0,107.6,61.8,0,0,1,1
5.8,48.4,61.8,1,3,0,1
10.0,82.4,64.2,0,3,0,1
7.5,74.1,69.5,0,1,1,1
1.4,129.5,81.4,1,4,0,1
20.0,97.7,64.2,1,1,1,1
16.8,72.7,62.9,0,0,1,1
11.7,66.4,37.3,1,1,0,1
9.1,84.1,96.4,1,0,1,1
6.9,87.7,39.0,0,1,0,1
6.6,74.7,55.5,0,3,0,1
6.2,62.9,76.4,1,3,0,1
13.4,86.6,64.6,1,1,1,1
15.4,97.0,67.8,0,4,1,1
16.2,45.5,69.7,1,3,1,1
8.9,95.7,78.8,0,2,1,1
15.4,52.4,66.5,1,0,0,1
4.2,73.9,69.1,0,1,1,1
12.4,84.4,43.8,0,2,1,1
11.1,55.8,65.2,1,4,1,1
13.6,75.3,80.9,0,4,1,1
6.9,74.5,67.4,1,0,0,1
1.9,60.0,74.6,0,0,1,1
7.2,91.9,38.6,0,1,1,1
11.8,63.2,54.6,0,0,0,1
2.1,96.1,73.0,0,2,1,1
10.0,78.8,86.0,1,1,1,1
8.8,61.3,71.4,0,2,1,1
18.6,90.9,51.5,0,2,0,1
10.5,78.2,37.9,1,1,0,1
14.4,77.5,54.2,1,0,0,1
9.6,67.4,17.0,0,4,1,1
9.6,66.8,55.2,0,2,1,1
15.8,72.7,43.2,0,3,1,1
8.7,58.1,57.9,1,3,1,1
10.1,91.8,54.7,1,1,1,1
5.5,52.1,57.6,0,3,1,1
15.6,63.4,56.4,0,4,0,1
11.8,88.4,80.4,1,2,1,1
14.6,72.5,87.1,0,4,0,1
19.8,84.5,37.9,1,1,1,1
0.6,86.1,71.4,0,4,1,1
9.0,80.2,78.9,0,0,1,1
10.0,75.3,62.8,0,1,1,1
16.1,65.4,48.5,1,3,1,1
14.8,85.8,57.7,1,1,1,1
7.0,72.3,86.3,1,1,0,1
1.2,98.2,70.9,1,2,0,1
-0.6,45.9,75.9,0,4,0,1
13.2,68.6,65.2,1,3,0,1
8.2,68.5,92.1,1,1,1,1
4.9,64.9,76.6,1,2,1,1
6.4,80.4,43.1,0,3,1,1
12.8,92.3,73.5,1,4,0,1
6.9,81.2,73.8,1,2,1,1
12.6,62.7,50.9,1,1,1,1
15.0,93.7,58.1,0,3,0,1
16.3,33.5,65.2,0,2,1,1
20.4,68.2,57.8,0,3,0,1
15.5,77.6,84.2,0,3,0,1
15.5,104.5,62.2,0,4,0,1
13.4,89.2,73.6,1,1,0,1
5.6,61.1,36.4,1,3,0,1
7.9,82.6,48.5,0,0,1,1
3.5,82.5,65.0,0,0,1,1
11.2,84.8,49.1,0,2,1,1
7.0,113.7,88.0,0,0,1,1
2.9,114.8,56.4,0,2,1,1
16.4,89.5,79.5,0,3,0,1
10.8,51.3,79.5,0,0,0,1
-2.1,60.7,59.7,1,2,0,1
11.8,93.6,85.7,1,2,0,1
10.0,64.8,64.7,1,4,1,1
11.6,42.1,56.1,1,3,0,1
7.7,62.0,58.3,0,4,0,1
5.3,93.2,48.4,1,0,1,1
6.1,56.1,58.8,1,2,0,1
-1.0,76.6,45.6,0,0,0,1
11.8,41.9,55.7,1,3,1,1
11.2,75.3,83.9,1,1,1,1
9.1,66.1,75.6,1,0,0,1
4.9,115.7,65.2,1,0,0,1
9.7,34.3,75.3,1,0,1,1
5.6,70.2,44.2,1,1,1,1
-3.2,35.9,39.6,0,0,1,1
9.3,105.2,72.8,0,4,1,1
19.8,69.3,65.3,0,3,1,1
6.7,82.4,102.3,1,1,0,1
10.6,72.1,40.5,0,1,0,1
7.3,122.2,32.5,0,4,1,1
13.9,85.9,80.0,1,2,1,1
16.1,64.7,46.3,1,3,0,1
-0.1,73.6,74.3,1,4,1,1
13.6,57.4,58.6,0,1,0,1
1.4,64.1,77.8,1,2,0,1
11.8,99.2,72.3,0,1,0,1
6.1,74.9,80.1,1,0,1,1
16.7,80.2,84.9,1,0,0,1
6.0,75.3,82.5,1,0,0,1
12.3,60.3,71.3,0,4,1,1
11.7,58.2,65.2,1,1,0,1
10.7,93.6,59.0,0,1,0,1
7.3,50.3,60.3,0,3,1,1
7.2,85.4,76.9,0,2,0,1
12.6,133.9,67.2,1,1,0,1
20.9,53.0,64.2,1,1,0,1
11.1,53.9,67.5,1,1,1,1
10.8,69.1,38.2,1,1,0,1
7.7,82.4,71.5,1,1,1,1
19.0,86.7,66.4,0,4,1,1
15.7,72.5,50.5,1,3,1,1
3.4,99.2,66.1,1,1,1,1
2.4,83.1,20.1,1,0,0,1
12.3,89.5,66.4,1,1,0,1
7.5,78.1,59.5,0,3,1,1
5.1,89.7,100.9,1,1,0,1
9.7,76.7,63.4,0,2,1,1
13.7,69.6,86.2,1,0,1,1
15.5,71.9,71.3,1,4,0,1
9.6,122.1,76.5,0,2,0,1
8.9,92.6,88.4,0,0,0,1
18.5,84.1,60.6,1,1,0,1
11.3,49.2,82.4,1,3,1,1
13.1,75.3,65.2,0,3,1,1
13.2,62.3,106.9,1,2,1,1
9.8,66.4,74.7,0,1,1,1
8.9,54.6,76.7,0,0,1,1
9.4,66.0,45.7,0,0,1,1
14.3,75.3,44.3,0,2,0,1
12.1,46.2,80.6,0,2,1,1
5.6,83.4,78.8,0,4,1,1
10.2,63.7,58.9,0,0,1,1
-1.0,112.1,83.3,1,1,1,1
5.5,150.0,56.5,1,2,1,1
11.2,60.7,62.8,1,0,0,1
15.1,75.3,53.9,1,1,1,1
23.2,87.7,54.9,1,1,1,1
8.0,68.9,93.0,0,3,1,1
17.5,75.3,72.7,1,4,1,1
8.9,71.2,44.4,0,3,0,1
19.1,71.8,43.9,0,1,0,1
14.7,54.9,64.7,1,2,1,1
-0.9,92.8,57.2,0,3,0,1
12.9,46.0,79.0,1,3,1,1
10.1,69.6,65.2,0,0,1,1
8.8,81.2,54.6,1,0,1,1
12.9,85.5,57.9,1,2,1,1
12.9,55.6,65.2,0,4,1,1
2.4,72.3,65.2,1,2,0,1
6.5,85.0,60.6,1,0,0,1
16.9,56.8,77.4,1,1,0,1
5.0,75.1,65.2,1,4,0,1
2.8,55.7,67.1,0,1,0,1
14.0,107.0,71.3,1,3,1,1
5.1,93.6,38.1,0,1,0,1
10.3,97.5,74.2,0,4,0,1
6.0,99.2,58.4,1,3,1,1
7.4,81.4,36.1,0,3,1,1
10.0,108.9,65.7,0,4,0,1
3.9,70.6,55.8,1,1,0,1
14.1,87.1,83.6,1,1,0,1
11.6,78.1,82.0,0,4,1,1
-1.4,94.2,72.2,0,2,1,1
0.3,90.3,54.3,0,4,0,1
5.2,110.3,71.6,0,2,1,1
11.4,63.1,53.7,1,2,1,1
20.9,109.1,68.5,1,0,0,1
13.8,79.3,50.5,1,2,1,1
14.7,48.1,49.9,1,2,0,1
6.4,64.8,64.3,0,2,0,1
21.7,75.6,69.6,0,4,0,1
21.1,68.0,80.8,1,0,1,1
13.5,87.0,70.4,0,1,1,1
10.8,70.2,83.5,1,1,1,1
22.6,103.1,45.5,1,4,0,1
13.8,68.3,64.5,0,4,0,1
10.0,77.5,72.2,0,1,0,1
13.0,108.6,56.0,1,0,1,1
6.2,77.2,65.2,0,0,1,1
10.0,53.8,66.9,0,1,0,1
11.1,64.9,108.4,0,2,1,1
15.1,81.6,33.1,1,4,1,1
3.6,115.6,57.0,1,2,1,1
10.7,88.4,48.4,1,1,1,1
4.6,127.2,65.2,0,3,1,1
3.1,77.0,75.2,0,3,0,1
10.4,75.3,81.0,1,0,1,1
5.2,90.4,79.2,0,1,0,1
12.5,81.6,65.1,0,4,0,1
7.1,65.6,64.1,0,1,0,1
10.0,79.1,67.9,0,4,0,1
7.9,76.9,69.9,0,1,1,1
4.7,78.0,64.9,1,1,0,1
8.3,74.4,46.3,1,0,0,1
2.1,78.6,55.3,1,1,1,1
2.0,67.9,86.4,0,0,0,1
6.8,77.3,60.3,0,2,0,1
5.2,125.5,52.1,0,2,0,1
14.5,79.2,55.1,1,1,1,1
3.4,57.1,65.2,0,0,1,1
11.1,84.4,37.3,0,4,0,1
18.3,93.5,32.6,1,4,1,1
13.9,73.7,25.4,0,0,0,1
14.7,65.7,92.6,0,1,0,1
4.1,98.9,58.2,1,2,0,1
14.5,61.9,95.2,1,0,1,1
10.7,66.9,200.0,0,1,1,1
14.8,69.4,65.3,0,1,0,1
8.7,73.9,82.4,0,3,1,1
16.0,97.4,61.9,1,0,1,1
4.2,83.6,63.0,1,0,0,1
9.1,79.6,73.2,1,2,1,1
4.6,88.3,51.6,0,2,0,1
9.2,76.1,72.2,1,3,0,1
13.1,115.0,83.1,0,3,0,1
3.4,69.8,77.1,1,4,1,1
4.9,65.4,77.0,1,0,1,1
6.0,54.9,65.7,0,4,1,1
10.0,63.8,86.4,0,0,1,1
10.3,67.8,59.3,0,3,0,1
12.4,90.0,62.4,1,4,1,1
8.3,79.6,54.6,0,4,1,1
5.3,95.0,66.4,0,4,1,1
14.8,79.0,77.0,1,4,1,1
8.8,45.1,29.9,0,1,1,1
11.2,106.8,46.5,1,4,0,1
12.8,59.1,69.8,1,0,1,1
16.0,71.2,53.8,0,3,1,1
12.6,92.8,51.5,1,3,1,1
10.0,79.9,68.2,1,4,0,1
2.8,62.7,80.2,0,1,0,1
11.7,86.4,69.7,0,4,0,1
7.4,65.9,49.6,0,2,0,1
5.1,66.1,51.9,1,1,1,1
10.0,48.4,57.2,1,3,1,1
8.2,79.6,69.7,1,2,1,1
5.5,52.6,59.0,1,1,1,1
10.3,66.8,43.8,0,0,1,1
14.7,77.7,73.0,0,2,1,1
2.7,85.1,77.2,1,0,0,1
3.1,29.8,74.8,1,1,1,1
3.4,31.4,83.5,0,1,1,1
13.5,89.3,65.2,0,3,0,1
8.3,75.3,77.5,1,1,1,1
10.8,55.4,65.5,1,2,1,1
12.0,18.6,54.5,0,3,0,1
3.5,63.4,66.0,1,3,1,1
0.9,65.3,65.2,1,1,1,1
7.9,48.1,70.3,0,3,0,1
18.1,36.0,76.5,1,3,1,1
12.5,62.4,54.9,0,1,1,1
18.1,32.2,60.1,0,0,1,1
9.3,67.2,71.8,1,2,0,1
11.3,32.9,57.6,1,1,1,1
17.0,94.7,67.2,0,0,0,1
8.1,43.0,93.2,1,0,0,1
8.0,113.0,65.5,1,0,1,1
17.5,52.5,53.9,0,0,1,1
6.2,75.6,78.5,1,3,0,1
12.0,74.5,44.0,0,0,0,1
17.9,101.7,61.1,0,2,0,1
2.4,119.3,69.9,0,0,1,1
13.7,87.1,51.9,1,2,0,1
13.3,89.9,60.9,1,0,1,1
9.8,114.3,61.1,0,2,1,1
2.0,58.6,54.8,0,1,1,1
8.4,69.0,62.7,0,0,1,1
14.2,58.0,63.3,0,3,1,1
5.4,90.6,61.9,0,1,0,1
16.7,90.5,61.8,1,1,0,1
18.3,108.1,51.8,0,1,0,1
21.9,113.4,60.6,1,3,0,1
9.6,82.6,51.2,0,3,0,1
10.0,101.9,73.6,0,2,0,1
13.4,99.1,61.9,0,4,1,1
11.6,122.9,50.6,1,0,1,1
-1.0,77.9,66.1,1,0,0,1
15.8,75.9,67.6,0,1,1,1
6.5,83.2,61.5,1,0,1,1
6.6,70.4,39.5,0,4,1,1
18.4,62.9,57.8,1,2,1,1
-0.3,61.0,59.8,1,2,1,1
10.3,84.9,63.5,0,2,1,1
16.9,103.0,56.4,0,1,1,1
12.6,76.9,200.0,1,0,1,1
8.8,76.0,65.2,0,3,0,1
9.1,20.6,59.9,1,1,1,1
7.0,77.4,73.0,0,0,1,1
5.5,91.6,45.3,1,0,0,1
4.7,93.6,67.2,1,2,0,1
5.9,63.9,60.2,1,2,0,1
15.0,80.5,66.3,1,3,1,1
3.9,94.7,60.5,0,0,1,1
16.7,62.9,64.8,1,1,1,1
6.2,86.3,72.9,1,1,1,1
-0.2,89.0,65.8,0,3,1,1
13.8,107.6,60.1,0,4,1,1
14.8,45.5,59.9,1,3,1,1
8.5,65.3,52.5,1,1,1,1
4.9,52.7,65.2,1,1,1,1
12.3,77.8,78.5,0,0,1,1
0.2,78.1,73.7,0,2,1,1
14.2,80.8,51.5,0,3,0,1
22.9,79.4,54.1,0,3,0,1
4.4,66.6,48.9,1,1,1,1
9.3,74.4,67.2,0,2,1,1
13.7,62.8,78.2,0,1,1,1
10.0,82.5,46.4,1,3,1,1
12.1,74.8,27.6,1,2,0,1
12.5,68.4,57.6,0,2,1,1
6.3,91.2,44.3,1,3,1,1
9.8,76.5,65.5,0,2,1,1
2.1,54.1,56.0,0,1,0,1
7.4,56.5,43.6,1,2,0,1
10.7,85.2,75.1,0,3,0,1
11.3,77.9,74.3,1,2,0,1
11.4,51.4,66.8,0,1,0,1
14.3,60.6,39.4,1,3,0,1
10.5,65.8,83.7,1,1,0,1
12.8,69.7,49.6,1,3,1,1
16.3,72.7,65.2,1,1,0,1
9.2,74.4,83.6,1,2,1,1
10.9,68.6,53.6,1,2,1,1
6.9,78.0,71.7,0,1,1,1
7.3,60.0,71.0,0,2,1,1
11.5,90.3,72.9,1,4,1,1
7.8,76.9,61.9,0,0,0,1
20.7,83.3,93.5,0,4,1,1
15.9,78.9,79.7,0,0,0,1
4.5,88.6,58.7,1,2,0,1
4.1,75.3,36.6,0,3,0,1
13.3,61.2,47.5,1,4,1,1
12.3,75.3,79.9,1,0,0,1
18.3,91.3,52.3,0,4,1,1
14.5,108.7,80.6,0,0,0,1
14.7,73.0,86.2,0,1,0,1
14.9,80.1,72.6,0,3,0,1
11.4,61.8,49.8,1,3,0,1
1.0,68.4,68.8,1,0,0,1
10.7,57.0,86.5,1,3,0,1
15.9,82.8,26.6,1,0,0,1
1.2,63.0,51.4,1,2,1,1
5.9,65.8,65.2,1,3,0,1
7.5,77.4,45.3,0,0,0,1
4.1,61.6,90.0,1,2,0,1
7.8,102.1,85.3,0,1,0,1
9.9,70.4,68.5,0,3,0,1
9.3,76.3,56.6,0,3,1,1
3.0,46.5,78.7,1,0,1,1
12.3,71.7,70.9,0,3,0,1
19.3,37.3,68.2,1,0,0,1
11.1,76.0,55.7,0,0,1,1
8.8,75.3,101.0,1,2,1,1
6.9,75.3,85.5,1,4,0,1
10.5,112.3,65.2,1,4,0,1
10.0,65.3,66.5,0,2,0,1
9.8,81.8,50.6,0,2,0,1
13.6,48.7,65.2,1,3,1,1
11.7,50.7,83.2,0,1,1,1
13.7,86.7,52.2,1,0,0,1
9.9,84.1,61.2,1,0,0,1
18.6,70.3,65.2,0,2,0,1
11.6,67.3,52.7,0,4,1,1
10.3,80.6,40.3,0,0,1,1
11.2,51.7,45.9,0,1,1,1
9.6,69.4,69.8,0,0,1,1
10.0,37.1,71.2,0,1,1,1
16.0,53.2,86.3,0,1,0,1
6.3,23.7,73.3,0,0,0,1
3.5,77.7,48.1,1,3,0,1
12.1,75.3,80.3,1,0,1,1
12.7,67.2,69.6,0,4,1,1
1.8,68.1,61.4,0,0,1,1
13.6,114.2,64.7,0,3,0,1
10.0,48.5,85.5,1,3,1,1
2.1,69.6,65.8,0,1,0,1
6.0,62.9,41.8,0,3,0,1
14.1,76.5,72.9,1,2,1,1
6.2,81.8,47.2,1,2,0,1
9.6,125.9,62.4,0,3,0,1
19.0,43.5,55.7,0,1,0,1
12.2,68.3,54.0,0,4,1,1
13.8,86.0,82.2,1,1,1,1
3.7,97.0,31.3,1,2,1,1
8.4,84.8,72.1,0,4,1,1
17.9,55.2,60.4,1,1,1,1
16.9,107.6,46.7,1,0,1,1
9.9,49.0,72.7,0,4,1,1
7.5,83.4,72.2,0,4,1,1
11.4,101.3,66.1,0,1,1,1
13.4,87.1,45.2,1,4,0,1
15.3,60.6,66.0,1,1,0,1
10.0,29.6,75.1,1,3,0,1
10.8,77.8,65.2,0,1,0,1
4.9,59.6,91.5,1,1,0,1
3.5,59.4,57.1,0,0,0,1
13.9,72.5,72.3,0,3,0,1
11.1,70.1,64.3,0,3,0,1
5.5,75.1,100.4,0,0,1,1
12.4,63.1,86.6,1,3,1,1
8.7,80.9,63.2,0,2,0,1
6.4,68.5,57.5,1,4,1,1
8.3,113.2,58.7,0,2,0,1
16.3,84.3,52.4,0,1,0,1
10.0,75.3,85.6,1,4,0,1
10.8,61.1,65.2,1,3,0,1
4.3,89.1,56.9,0,1,0,1
21.0,74.0,51.0,0,1,1,1
8.0,80.3,71.8,1,4,0,1
16.6,83.1,81.8,0,1,0,1
3.6,66.0,62.3,1,2,0,1
14.1,60.9,98.3,0,0,1,1
3.5,109.9,69.1,0,2,1,1
0.7,92.9,72.9,0,3,0,1
5.7,91.6,87.6,1,3,1,1
9.9,93.8,50.9,1,1,1,1
2.5,71.0,67.8,1,1,1,1
-1.8,95.8,200.0,0,4,1,1
9.0,96.5,52.1,1,0,1,1
4.4,38.8,79.8,1,2,1,1
13.0,72.0,65.2,0,3,0,1
7.4,78.5,54.3,0,0,1,1
10.1,87.9,65.2,0,1,1,1
10.4,62.5,65.2,1,4,0,1
4.3,81.5,56.0,0,4,0,1
7.7,73.8,71.1,0,4,1,1
5.2,80.3,62.4,0,0,1,1
16.6,81.6,80.0,1,1,0,1
14.0,94.9,61.4,0,1,1,1
10.0,101.8,82.8,1,3,1,1
9.2,40.1,52.5,0,1,0,1
9.1,88.1,37.9,0,0,0,1
14.8,75.3,82.0,0,0,1,1
17.7,50.1,83.2,0,1,1,1
11.3,70.1,60.2,0,1,1,1
10.0,73.8,54.1,0,0,0,1
6.6,91.6,72.9,0,3,1,1
9.3,48.1,72.7,1,2,1,1
10.0,116.0,64.6,1,4,0,1
11.4,81.0,59.8,0,0,1,1
15.4,85.8,45.9,1,0,0,1
12.8,69.4,68.5,0,1,0,1
12.3,81.1,54.5,1,4,1,1
4.2,71.4,46.6,1,3,1,1
5.6,89.6,63.6,0,4,1,1
-3.6,69.3,44.4,1,0,0,1
8.0,58.5,92.2,1,2,0,1
3.8,45.9,68.0,0,2,0,1
9.9,99.3,93.1,0,3,0,1
17.9,82.7,80.9,0,3,1,1
16.1,51.7,61.2,0,4,1,1
16.5,97.2,81.5,0,1,1,1
7.7,40.8,63.9,1,0,0,1
12.8,90.8,100.1,1,0,1,1
10.0,48.4,71.6,1,1,1,1
8.7,77.0,62.0,1,0,1,1
11.9,74.3,32.5,1,0,1,1
3.1,82.3,71.2,0,0,0,1
3.3,55.9,50.9,0,2,0,1
10.8,104.3,52.8,0,0,0,1
19.6,69.3,86.7,0,2,0,1
5.8,99.1,55.6,0,2,0,1
9.0,74.7,60.2,1,4,0,1
14.3,75.3,71.4,1,2,0,1
5.7,44.0,68.7,1,3,1,1
5.4,97.7,43.3,1,3,1,1
15.6,84.8,74.4,1,2,1,1
14.6,85.0,58.1,0,4,0,1
11.6,72.5,105.0,0,2,0,1
7.0,51.1,90.5,0,4,0,1
8.1,65.4,44.9,1,2,1,1
5.9,80.6,52.4,1,3,0,1
20.0,71.0,65.5,1,4,0,1
9.5,103.6,79.8,0,1,1,1
11.8,96.9,87.7,1,4,1,1
14.6,137.6,59.5,0,1,1,1
7.2,72.9,82.5,0,4,0,1
11.3,55.6,45.5,1,2,1,1
6.8,70.9,80.0,1,3,1,1
10.8,75.9,82.3,0,2,0,1
5.8,67.7,63.7,0,2,0,1
13.4,62.9,65.1,0,4,1,1
9.8,106.6,72.5,0,0,1,1
4.3,32.1,65.2,0,0,1,1
10.1,42.9,48.9,0,3,1,1
0.4,105.5,65.2,1,1,0,1
8.2,75.3,57.3,1,4,1,1
9.9,120.0,71.1,1,0,1,1
14.4,86.4,72.7,1,3,1,1
10.2,96.1,54.6,1,2,1,1
9.8,59.5,57.0,0,1,0,1
7.3,96.3,74.7,1,2,1,1
7.9,42.0,81.8,1,2,0,1
9.0,99.2,65.2,1,1,1,1
11.0,74.1,58.7,1,0,1,1
10.1,73.8,37.6,1,2,0,1
3.5,94.9,74.0,1,2,0,1
-0.8,85.8,58.4,0,4,1,1
10.7,54.9,60.8,1,0,1,1
5.5,56.7,81.0,0,0,1,1
12.5,51.9,72.6,0,4,0,1
13.2,107.4,53.1,0,2,0,1
-1.5,23.4,73.3,0,4,0,1
9.4,56.6,51.8,0,2,1,1
14.5,75.2,58.9,1,1,0,1
22.4,107.9,47.3,1,4,0,1
0.7,89.7,116.6,1,4,1,1
11.0,97.7,79.5,1,4,0,1
11.2,79.5,76.0,1,0,1,1
10.0,68.3,59.8,0,1,0,1
5.7,84.0,64.8,0,1,0,1
11.3,58.9,61.4,0,0,0,1
17.6,77.6,80.7,1,1,1,1
13.3,94.8,76.6,0,4,0,1
0.1,104.0,62.0,0,2,1,1
1.9,80.3,48.7,1,0,1,1
9.0,110.7,55.7,1,2,1,1
3.0,64.6,70.4,0,0,1,1
8.7,73.2,71.2,0,4,0,1
18.2,85.1,59.8,0,0,0,1
4.2,75.3,59.2,1,3,0,1
0.5,83.0,75.5,1,3,1,1
4.8,81.2,46.5,0,1,1,1
17.7,55.7,59.2,1,2,0,1
5.5,64.6,56.1,0,3,1,1
11.6,82.0,65.2,1,0,0,1
7.5,67.8,46.5,0,1,1,1
14.5,79.3,74.6,0,0,0,1
19.8,117.7,50.2,1,4,1,1
15.3,67.0,54.2,1,1,0,1
5.0,71.7,53.0,0,4,0,1
7.9,75.7,76.2,1,0,1,1
14.5,68.5,77.0,1,1,1,1
7.5,51.9,57.8,0,2,1,1
6.8,110.7,75.1,0,4,0,1
15.5,104.6,66.9,1,4,0,1
14.8,62.2,65.5,1,1,1,1
12.7,55.7,39.1,0,2,0,1
8.7,80.6,53.6,1,1,0,1
7.6,71.3,56.0,1,2,0,1
5.7,75.3,79.0,1,3,1,1
5.7,73.4,65.2,0,1,0,1
17.0,32.4,52.0,0,4,1,1
12.0,86.9,76.0,0,3,0,1
10.8,79.2,79.7,1,4,1,1
6.9,63.4,71.8,0,4,0,1
9.8,59.1,51.6,0,1,0,1
8.6,60.3,60.8,1,4,0,1
12.6,103.2,38.8,0,1,1,1
9.9,78.7,81.9,1,2,1,1
19.5,78.7,81.3,0,0,1,1
4.9,45.9,78.0,0,0,0,1
9.9,48.8,54.3,0,4,0,1
8.3,83.4,79.2,1,3,1,1
12.6,67.2,45.7,0,2,0,1
14.7,51.4,57.7,1,1,1,1
8.3,67.4,85.6,0,2,0,1
7.1,73.6,58.7,1,1,1,1
18.0,75.3,85.1,0,4,0,1
16.2,65.9,68.0,0,2,1,1
19.4,79.9,89.3,1,3,0,1
24.6,84.6,84.4,1,3,0,1
6.7,94.0,50.9,1,2,0,1
9.0,94.9,79.5,1,3,1,1
12.2,82.6,61.5,1,0,1,1
11.5,46.2,74.3,0,1,0,1
13.3,63.4,94.3,1,2,1,1
10.1,83.6,41.9,1,4,1,1
9.9,72.2,49.3,0,2,0,1
3.6,81.3,80.3,0,4,0,1
8.2,70.9,73.8,0,3,0,1
18.4,60.1,48.6,0,1,0,1
14.5,78.3,90.8,1,3,0,1
10.0,81.9,200.0,0,1,1,1
10.8,78.9,80.8,0,1,1,1
10.0,71.1,60.7,0,3,0,1
11.6,95.8,74.6,1,4,0,1
11.2,101.0,68.6,0,3,1,1
2.7,56.0,75.5,0,2,1,1
-2.5,85.3,76.6,0,0,0,1
13.3,97.0,80.3,0,2,1,1
6.3,95.0,70.7,1,0,1,1
7.4,75.3,58.3,1,3,1,1
8.6,74.9,65.8,0,1,1,1
12.5,65.9,44.6,1,0,1,1
11.9,78.8,49.7,0,0,1,1
14.7,49.4,62.9,1,2,0,1
9.4,66.6,36.4,0,0,0,1
7.9,68.2,71.4,0,0,1,1
10.0,78.8,63.8,0,4,1,1
14.4,60.2,88.2,0,3,0,1
10.0,55.1,65.2,0,4,1,1
0.8,91.0,78.9,0,3,0,1
10.7,81.0,82.8,1,2,0,1
14.7,48.7,52.5,1,2,1,1
-1.5,86.2,31.7,1,4,1,1
12.8,79.7,93.8,1,4,0,1
7.1,88.2,55.0,0,3,0,1
9.6,87.0,64.8,1,3,1,1
15.2,50.7,63.7,0,4,0,1
17.5,75.3,58.6,1,4,0,1
8.6,74.7,61.3,1,4,0,1
15.3,82.3,63.5,1,0,1,1
8.2,80.7,71.2,0,1,1,1
14.5,84.7,65.2,0,3,1,1
5.0,70.0,56.1,0,3,0,1
9.6,71.8,54.8,1,2,0,1
15.1,61.8,50.5,1,3,0,1
9.2,68.2,46.0,0,0,0,1
16.6,67.2,55.7,1,1,1,1
11.0,63.5,41.2,0,1,1,1
7.7,87.9,61.2,1,1,0,1
12.2,60.5,58.6,0,2,0,1
10.0,46.1,43.2,0,2,1,1
8.5,66.6,69.0,1,4,1,1
9.5,47.5,72.4,0,1,0,1
11.5,41.0,65.2,1,3,1,1
16.4,82.0,71.9,0,4,1,1
11.2,73.6,61.9,0,1,1,1
10.6,60.7,82.4,0,1,0,1
7.6,74.5,79.6,1,0,0,1
9.3,70.8,61.9,0,1,1,1
10.0,49.9,69.5,0,1,0,1
11.8,77.7,84.5,0,0,0,1
4.1,76.6,73.5,0,1,1,1
8.5,105.0,54.2,1,3,1,1
8.9,55.2,65.2,0,1,1,1
10.5,48.9,64.2,1,2,0,1
11.5,75.9,65.2,0,3,1,1
12.3,93.8,93.4,1,2,0,1
10.4,75.3,69.7,0,1,0,1
8.8,68.0,53.6,1,2,0,1
10.1,73.6,66.9,1,1,0,1
7.7,94.5,65.2,0,3,1,1
17.1,69.7,31.7,1,3,0,1
15.8,61.4,68.5,1,0,0,1
10.0,88.1,65.8,1,3,1,1
5.7,81.5,57.9,0,1,0,1
9.2,68.5,61.1,0,1,0,1
9.7,105.7,69.3,1,0,0,1
6.8,43.0,65.2,0,1,1,1
3.5,75.4,65.7,0,3,1,1
1.2,76.4,74.7,1,2,1,1
18.5,31.8,61.6,0,4,0,1
17.7,71.0,53.8,1,3,0,1
9.4,62.9,59.9,0,0,0,1
14.1,36.1,74.1,1,2,1,1
9.0,51.3,57.5,1,3,0,1
10.6,67.8,81.3,0,0,0,1
8.3,45.8,65.2,1,1,0,1
8.9,68.4,61.1,0,1,0,1
9.4,71.8,39.3,0,4,1,1
10.0,72.0,49.1,0,3,1,1
8.9,29.6,49.5,1,4,0,1
28.1,49.6,51.3,0,0,0,0
-0.4,81.4,76.9,1,3,1,1
2.7,95.3,74.8,1,4,1,1
7.7,88.5,56.9,1,2,0,1
9.6,66.2,66.3,1,3,0,1
6.5,62.6,72.7,1,3,1,1
14.3,57.6,70.8,0,4,1,1
4.1,125.3,72.8,0,3,1,1
9.5,57.9,73.5,0,3,1,1
8.8,67.5,66.0,1,1,0,1
13.0,77.8,67.7,1,4,0,1
7.4,79.4,65.2,1,0,1,1
14.0,65.4,71.4,1,0,1,1
18.4,50.7,43.5,1,3,0,1
10.6,108.0,75.3,1,3,0,1
3.0,85.1,93.8,1,0,0,1
14.1,61.5,77.1,0,3,1,1
1.5,75.3,61.6,1,3,1,1
11.7,61.7,52.4,1,2,1,1
-0.8,75.3,67.6,1,2,1,1
4.1,98.9,41.1,1,4,1,1
20.3,86.8,64.1,1,4,0,1
13.8,84.3,84.7,1,1,0,1
8.3,86.9,71.5,1,3,1,1
7.0,76.8,43.5,1,1,1,1
8.9,66.9,80.4,1,4,1,1
7.5,60.0,35.0,1,1,0,1
7.5,68.8,60.2,0,4,1,1
7.0,83.8,52.6,1,2,0,1
10.8,80.3,66.9,1,4,0,1
13.2,69.6,59.8,0,1,1,1
4.6,75.3,97.8,0,4,1,1
1.0,33.7,78.0,1,0,1,1
18.9,65.7,51.4,1,2,1,1
10.7,70.0,70.7,1,2,0,1
15.3,45.5,100.7,1,1,0,1
5.2,80.4,58.2,0,1,0,1
10.0,75.3,72.4,1,1,1,1
3.4,45.1,41.4,0,4,0,1
8.6,78.6,58.1,0,0,0,1
12.6,53.9,77.0,0,2,0,1
12.8,47.6,67.8,0,3,0,1
9.5,76.6,68.3,0,1,1,1
12.2,87.9,65.3,0,4,0,1
1.9,81.7,68.2,0,1,0,1
7.1,38.9,62.4,0,1,1,1
15.5,78.2,64.8,1,0,1,1
4.8,85.0,76.0,1,2,0,1
9.6,57.6,14.0,0,4,0,1
10.5,78.4,65.2,1,0,0,1
12.7,77.2,63.9,0,1,0,1
15.0,48.7,50.8,1,4,1,1
15.6,46.2,58.4,1,1,1,1
8.8,63.2,70.2,0,1,0,1
6.2,66.6,80.6,0,2,1,1
7.7,54.6,42.5,1,4,0,1
13.1,93.5,65.2,0,1,1,1
7.0,66.5,59.6,1,4,0,1
19.3,106.3,53.9,0,2,1,1
10.8,70.9,76.7,1,4,0,1
-1.9,67.9,65.2,1,3,0,1
12.5,90.0,63.2,0,0,0,1
9.9,89.8,65.2,1,3,0,1
20.4,79.2,55.0,1,1,0,1
0.5,73.4,56.6,0,3,1,1
13.5,54.3,87.2,0,2,1,1
2.5,61.4,26.4,0,4,1,1
6.0,66.5,72.8,1,3,0,1
6.0,71.5,62.3,1,4,1,1
10.4,83.1,81.7,1,2,1,1
8.8,99.7,51.6,0,0,1,1
6.3,73.4,70.1,1,1,0,1
6.6,70.9,64.4,0,3,0,1
3.0,58.5,46.5,1,1,0,1
7.2,104.8,101.9,0,2,1,1
5.2,72.3,46.1,0,1,0,1
5.7,86.6,71.9,0,0,1,1
9.9,67.9,61.1,0,2,0,1
8.9,75.3,61.5,1,4,1,1
5.8,68.0,59.1,0,4,1,1
4.6,91.3,60.5,0,3,0,1
11.3,51.6,65.8,1,3,1,1
9.2,72.0,65.2,1,0,1,1
12.3,103.3,89.8,0,0,0,1
2.3,99.8,65.2,0,1,1,1
6.2,59.1,65.8,1,2,1,1
14.9,91.3,59.4,1,4,1,1
10.5,76.1,89.6,1,4,1,1
12.9,67.9,43.2,0,3,0,1
11.7,72.6,61.8,0,1,1,1
8.1,82.8,65.2,1,2,1,1
13.5,75.3,65.2,0,0,1,1
23.4,67.2,50.7,1,3,0,1
18.4,82.7,66.9,0,0,1,1
7.0,61.2,60.4,1,3,0,1
14.8,53.2,67.9,1,3,0,1
10.0,114.0,76.6,0,4,0,1
9.6,118.8,53.5,1,3,0,1
4.7,63.8,63.1,1,0,0,1
9.6,107.1,63.2,1,3,1,1
11.5,27.6,69.0,0,1,1,1
10.3,54.5,38.6,0,2,0,1
2.8,94.0,56.0,0,1,1,1
-2.2,47.4,65.1,1,1,1,1
2.7,74.2,50.4,0,3,0,1
13.5,55.5,80.2,0,0,1,1
9.0,92.6,49.9,0,3,1,1
13.3,83.8,80.3,0,4,1,1
13.3,92.9,65.4,0,2,1,1
10.0,95.4,69.0,1,2,0,1
12.0,36.7,99.8,1,0,0,1
11.6,65.1,56.3,0,3,0,1
8.2,54.9,75.9,1,0,0,1
12.8,120.0,67.3,1,4,1,1
16.6,78.9,76.8,0,0,0,1
4.5,69.4,63.5,0,2,0,1
4.6,75.3,58.0,0,4,0,1
11.4,77.4,57.8,1,1,1,1
5.2,95.6,65.2,0,0,1,1
0.0,34.6,51.7,0,3,0,1
0.1,28.5,69.2,1,2,1,1
6.7,118.6,200.0,0,2,1,1
8.7,61.1,40.6,1,4,1,1
7.1,46.1,49.4,0,1,0,1
10.2,123.0,74.6,1,3,1,1
15.1,46.8,72.2,0,0,1,1
21.6,90.4,57.1,0,4,0,1
12.7,83.1,64.9,0,4,1,1
14.5,20.2,64.6,0,4,0,1
15.5,91.7,63.4,0,4,1,1
17.5,44.2,77.6,1,0,1,1
7.7,54.5,75.4,1,0,0,1
10.0,101.1,44.4,0,0,1,1
20.9,75.3,84.0,1,3,1,1
8.4,94.4,78.6,1,2,1,1
11.3,74.4,65.0,1,2,0,1
11.2,79.4,88.1,1,4,0,1
11.6,65.5,61.2,0,1,1,1
7.7,69.9,56.3,0,3,0,1
-3.0,115.6,70.3,1,0,1,1
8.0,90.5,47.0,0,0,1,1
8.2,29.6,74.5,1,2,0,1
14.3,75.7,69.7,1,3,1,1
6.7,48.6,93.5,1,2,0,1
15.6,67.7,65.4,0,3,1,1
4.7,72.6,26.6,1,3,1,1
5.6,61.9,37.4,1,4,0,1
12.2,102.1,69.5,1,3,1,1
13.1,87.1,38.5,0,1,1,1
13.5,69.2,54.7,0,0,1,1
13.4,60.8,54.9,1,3,1,1
13.7,48.5,87.9,0,1,1,1
10.3,88.5,55.3,1,1,1,1
12.1,82.9,44.5,0,1,1,1
13.2,77.2,65.4,1,0,1,1
10.5,69.4,67.6,1,1,0,1
9.6,76.4,55.8,0,2,1,1
15.1,85.3,89.7,1,1,0,1
11.9,67.6,57.6,1,4,1,1
12.5,70.4,44.2,1,0,0,1
5.5,74.3,31.5,1,4,1,1
12.8,62.7,73.4,1,3,1,1
-0.1,51.2,68.6,1,2,0,1
9.0,100.5,53.9,0,2,0,1
9.9,35.8,77.3,1,3,0,1
18.9,95.6,48.7,0,2,1,1
4.3,129.2,61.2,0,3,1,1
20.1,98.0,24.2,0,2,0,1
7.0,107.2,66.5,0,0,0,1
16.4,86.0,74.9,1,3,1,1
14.1,55.5,73.3,1,3,0,1
7.9,78.5,61.1,1,0,0,1
10.3,116.2,64.3,1,1,0,1
-0.9,68.5,53.9,1,1,1,1
7.0,94.9,52.2,1,1,0,1
9.4,113.3,85.7,1,1,1,1
10.7,109.8,67.5,1,0,1,1
10.0,91.1,65.1,0,1,0,1
11.1,94.9,65.2,1,1,1,1
3.8,61.6,58.2,1,0,1,1
10.4,73.8,61.7,0,3,0,1
7.0,75.3,54.1,1,2,0,1
2.1,81.1,45.2,1,1,1,1
13.8,34.6,50.1,0,1,0,1
11.1,36.4,63.0,1,1,1,1
5.3,90.9,57.4,0,4,0,1
14.7,97.5,55.4,1,2,1,1
13.4,87.6,76.6,1,2,1,1
7.6,70.3,62.1,0,4,1,1
12.7,93.9,60.2,0,1,1,1
3.7,86.9,52.5,0,0,1,1
10.0,43.3,60.7,1,2,0,1
12.8,75.3,41.3,1,1,0,1
10.1,101.8,67.9,0,2,1,1
9.7,68.6,72.2,1,1,0,1
19.3,86.1,92.3,0,3,1,1
2.4,75.3,84.0,1,2,0,1
11.1,92.9,62.6,0,0,1,1
7.2,97.5,52.0,1,2,0,1
9.1,95.2,78.8,0,4,1,1
11.7,52.0,94.2,0,1,0,1
9.5,65.2,78.7,0,2,0,1
21.1,65.6,65.2,1,1,1,1
9.4,61.7,42.0,0,4,0,1
2.8,82.7,54.5,0,2,1,1
11.2,86.6,61.8,1,0,0,1
18.2,88.8,72.6,0,2,0,1
3.1,69.8,67.6,0,0,0,1
11.2,108.5,71.6,0,1,1,1
11.5,78.3,67.3,1,1,0,1
0.4,51.2,78.2,0,3,1,1
10.9,30.8,55.6,0,0,1,1
3.9,70.7,41.2,0,1,1,1
10.5,70.4,84.6,1,1,0,1
13.7,82.8,68.5,0,1,0,1
10.5,108.2,91.6,0,3,0,1
5.4,55.7,72.7,0,2,1,1
10.0,93.5,42.1,1,4,1,1
12.1,47.1,67.4,1,1,1,1
14.5,59.6,65.2,0,1,1,1
6.7,106.6,91.7,1,1,0,1
10.8,90.0,75.9,1,1,1,1
8.2,75.3,65.7,1,1,1,1
15.9,79.4,73.6,0,4,0,1
12.4,97.9,74.7,0,0,1,1
13.9,33.3,77.7,0,1,1,1
9.1,102.0,49.3,1,3,1,1
24.8,79.8,55.1,1,4,0,1
13.5,112.3,76.5,1,1,1,1
14.6,96.7,90.8,0,1,1,1
6.9,69.6,48.3,0,4,1,1
17.4,103.5,57.5,1,2,1,1
14.7,23.2,65.2,0,2,1,1
4.7,96.7,53.3,0,3,0,1
11.4,83.6,64.0,1,1,1,1
11.8,75.3,75.6,1,0,0,1
5.9,45.1,62.6,0,0,0,1
4.7,72.3,76.1,0,1,0,1
16.2,26.7,54.0,0,0,0,1
13.0,54.9,95.3,1,4,1,1
0.6,45.5,46.0,0,1,1,1
14.0,59.0,82.2,1,2,0,1
12.8,113.2,60.3,1,4,1,1
6.2,82.3,68.5,0,4,1,1
16.9,49.2,65.2,0,0,1,1
6.1,37.3,59.5,1,4,0,1
13.4,62.4,68.0,0,3,0,1
17.6,102.8,46.0,1,0,1,1
14.7,82.6,61.2,1,0,1,1
10.3,93.8,67.8,1,1,1,1
10.0,44.5,84.6,0,1,0,1
9.9,75.6,72.2,0,3,0,1
3.0,78.4,64.0,1,3,0,1
6.3,88.6,84.2,0,2,1,1
11.1,48.5,67.6,1,2,0,1
0.6,89.1,86.8,0,2,0,1
14.9,40.4,49.5,0,4,1,1
6.1,86.6,82.5,1,1,0,1
3.2,48.2,53.3,0,1,0,1
7.7,33.9,59.8,0,1,0,1
4.4,52.0,80.6,1,3,1,1
7.0,59.3,71.1,1,2,1,1
5.6,45.7,90.5,0,3,1,1
17.9,84.4,66.4,1,1,0,1
7.4,65.8,74.7,1,0,0,1
17.9,75.2,88.3,1,0,0,1
10.0,73.8,57.5,1,2,1,1
9.5,84.4,87.1,0,3,0,1
12.1,74.7,82.9,0,4,1,1
14.4,54.9,78.4,0,3,1,1
13.0,76.5,31.4,1,3,1,1
4.1,127.1,70.4,1,4,1,1
6.6,90.1,59.4,0,4,1,1
11.1,86.0,78.9,0,4,1,1
6.8,72.1,64.4,1,0,0,1
5.2,63.2,55.8,0,0,0,1
4.3,67.4,67.9,0,2,0,1
16.0,75.3,49.3,0,4,0,1
10.3,80.5,50.4,0,2,1,1
5.9,51.3,65.1,0,3,0,1
12.7,68.4,65.2,0,4,0,1
10.8,51.7,45.2,1,2,0,1
5.6,49.8,66.8,1,1,0,1
16.1,81.7,75.4,0,1,0,1
12.7,38.1,59.7,1,4,1,1
13.9,75.3,64.4,1,1,0,1
17.6,124.2,59.4,0,0,0,1
4.9,93.3,37.8,1,2,0,1
5.5,71.0,49.8,1,2,0,1
10.8,98.2,89.4,1,2,1,1
13.4,62.4,57.3,1,0,0,1
-1.1,76.0,68.2,0,1,0,1
2.8,57.1,67.8,0,3,0,1
1.3,72.6,81.7,1,0,1,1
2.2,51.2,56.4,1,3,0,1
10.4,57.5,54.6,1,3,1,1
15.0,45.4,65.2,0,1,1,1
7.7,60.9,69.4,1,2,1,1
11.8,50.3,40.0,1,4,0,1
7.3,102.3,60.1,0,4,1,1
7.9,57.7,79.3,0,4,0,1
15.8,110.3,66.2,0,4,1,1
4.0,56.0,75.0,1,4,1,1
10.0,76.7,83.9,1,1,1,1
1.9,108.8,51.9,1,2,1,1
15.1,36.9,63.1,1,4,1,1
7.4,66.5,33.8,0,2,1,1
10.9,56.5,70.9,0,3,0,1
12.9,52.5,60.0,0,1,1,1
3.2,91.6,51.4,0,2,1,1
12.4,118.3,70.7,0,4,0,1
1.4,76.5,200.0,1,2,0,1
2.9,106.8,51.2,0,2,1,1
6.2,66.3,67.7,1,0,0,1
10.6,75.2,97.9,1,3,0,1
-3.6,57.2,63.1,1,2,0,1
10.3,70.8,71.8,1,0,1,1
2.7,75.9,87.6,0,3,0,1
2.7,51.4,57.7,0,1,1,1
8.8,97.4,56.7,0,3,1,1
13.7,69.1,54.1,1,2,1,1
10.0,127.0,63.2,0,4,1,1
1.5,86.9,65.3,0,0,0,1
4.4,90.4,60.4,1,1,1,1
12.8,83.3,62.5,1,3,0,1
11.6,76.4,63.2,1,0,0,1
6.9,60.5,54.9,1,3,1,1
17.8,76.0,64.6,0,3,1,1
3.3,64.2,51.8,0,2,0,1
17.6,75.3,36.1,0,0,0,1
7.9,88.6,45.4,1,4,0,1
12.6,54.2,46.6,0,2,1,1
8.4,49.6,52.7,1,1,0,1
14.6,96.6,52.3,1,4,1,1
9.9,52.3,62.0,1,1,1,1
6.9,82.6,46.5,0,1,0,1
16.7,87.0,71.5,0,0,0,1
9.8,53.4,70.4,1,4,1,1
1.2,70.8,58.6,1,1,0,1
10.0,74.7,83.5,1,1,0,1
3.8,76.2,63.1,1,3,1,1
6.7,80.3,56.9,1,3,0,1
15.2,47.3,82.5,1,0,1,1
9.8,58.4,98.1,0,4,1,1
7.7,57.1,60.9,1,2,1,1
10.0,104.8,70.9,0,4,0,1
7.6,70.8,61.4,1,2,1,1
11.7,87.7,66.7,1,2,1,1
6.5,85.1,47.5,0,0,1,1
10.0,79.2,59.7,1,1,1,1
9.2,61.1,64.7,0,2,1,1
6.9,86.6,51.2,1,0,1,1
10.9,95.4,61.7,0,0,0,1
10.0,74.7,83.5,0,4,1,1
-0.8,67.3,74.3,1,0,0,1
2.6,65.5,63.8,0,3,0,1
19.7,67.2,72.4,1,1,1,1
12.3,111.9,80.8,1,3,0,1
2.4,88.0,63.5,0,1,0,1
7.5,83.7,80.1,1,1,1,1
9.6,108.0,65.2,0,0,0,1
17.5,92.6,70.1,0,4,0,1
19.6,92.0,74.6,1,2,0,1
2.6,83.5,71.3,0,4,0,1
7.7,64.1,61.6,0,0,0,1
12.8,82.9,33.8,0,1,0,1
11.4,79.1,58.9,0,1,0,1
10.0,57.6,83.5,0,0,0,1
20.8,111.1,70.0,0,2,0,1
7.4,64.9,67.0,1,2,1,1
5.6,123.1,90.4,0,1,1,1
7.0,58.0,66.0,0,2,1,1
8.3,84.6,71.2,1,2,1,1
14.1,104.5,79.0,0,4,0,1
9.4,114.6,65.2,0,2,0,1
10.0,94.1,66.0,0,3,1,1
11.4,51.7,73.9,1,4,0,1
11.9,84.4,58.1,0,4,1,1
10.6,81.7,79.6,1,0,1,1
10.2,84.9,68.7,1,0,1,1
3.6,75.3,74.1,1,1,1,1
11.6,74.0,64.7,0,3,1,1
7.5,75.3,87.8,0,3,1,1
8.1,31.1,54.3,0,1,1,1
15.2,88.7,51.7,1,2,0,1
18.2,92.0,69.5,1,1,1,1
15.3,77.5,78.7,0,3,1,1
7.4,87.5,77.7,1,2,1,1
13.3,64.6,75.3,0,4,1,1
16.5,82.2,75.0,0,4,1,1
3.4,78.0,36.0,1,1,1,1
10.3,54.2,40.3,1,1,1,1
17.7,85.7,60.9,0,1,0,1
5.5,58.3,32.6,0,1,0,1
7.5,42.1,55.5,1,0,0,1
12.3,92.8,44.5,1,1,0,1
-5.0,75.3,80.4,1,2,1,1
10.9,65.4,56.9,1,2,0,1
12.5,93.5,72.0,0,3,1,1
11.9,87.5,48.1,1,2,1,1
16.3,65.2,70.9,0,3,0,1
6.0,29.4,81.8,0,1,0,1
15.6,88.8,40.1,0,3,0,1
8.5,45.0,58.1,1,0,1,1
7.1,60.3,58.3,0,0,0,1
8.8,98.1,90.7,1,1,0,1
5.0,48.2,35.6,0,1,0,1
-1.8,81.2,89.4,0,1,0,1
3.7,73.7,54.0,0,0,0,1
11.4,70.5,37.2,1,3,0,1
9.1,66.4,49.4,1,1,0,1
5.3,96.1,81.8,0,3,0,1
12.2,108.0,81.0,0,1,1,1
14.9,44.9,30.2,0,3,0,1
10.5,69.2,85.7,1,3,0,1
2.8,60.1,52.5,1,3,0,1
5.3,91.3,85.1,0,4,1,1
11.9,84.5,65.2,0,0,0,1
6.5,76.6,62.4,1,4,0,1
5.2,90.8,41.2,0,0,0,1
6.8,76.0,56.6,1,1,0,1
5.7,96.3,45.0,0,2,1,1
5.5,52.8,49.6,1,3,0,1
20.1,56.0,35.1,1,2,0,1
13.9,102.6,60.5,1,3,1,1
6.9,59.4,36.5,1,2,1,1
10.0,120.8,57.5,0,0,0,1
14.1,59.7,39.3,0,2,0,1
8.3,69.1,81.4,0,1,0,1
6.8,49.2,90.0,1,0,1,1
12.5,89.7,73.6,0,2,0,1
1.3,81.7,78.3,0,1,1,1
9.2,111.9,70.6,1,2,0,1
-2.0,93.0,65.9,1,3,0,1
13.8,95.8,59.2,1,2,0,1
14.1,96.8,60.3,1,2,0,1
7.5,104.3,49.8,1,2,0,1
4.4,115.3,34.8,0,2,0,1
13.8,65.2,51.7,0,1,0,1
9.0,47.5,71.9,0,2,0,1
15.4,83.1,56.9,0,0,0,1
0.9,90.9,65.2,0,4,1,1
14.5,75.3,39.2,1,3,1,1
13.2,75.6,72.1,0,1,0,1
9.6,89.7,90.9,1,2,0,1
11.3,82.5,64.6,0,0,0,1
11.8,98.0,67.7,1,3,1,1
19.5,81.9,104.6,0,4,1,1
9.1,49.4,70.4,1,2,0,1
6.2,77.6,80.8,0,0,0,1
10.7,56.6,63.5,1,0,0,1
7.7,64.6,65.8,0,4,1,1
11.4,118.9,71.5,0,3,1,1
15.6,67.3,61.3,0,4,1,1
7.5,90.6,67.1,0,0,0,1
7.0,48.4,49.6,1,3,1,1
15.1,44.0,52.4,0,3,1,1
10.9,91.3,56.4,0,4,1,1
21.0,89.4,80.0,1,3,1,1
-0.4,110.5,44.7,0,3,0,1
4.8,58.7,69.7,0,4,1,1
12.6,72.9,65.2,0,2,1,1
13.8,63.3,76.7,1,1,0,1
8.2,71.8,82.8,0,1,1,1
8.8,96.6,65.2,0,3,0,1
16.8,85.5,65.2,1,1,1,1
10.2,75.3,73.4,1,0,0,1
13.8,69.7,74.0,1,1,0,1
6.9,90.5,57.1,1,3,1,1
15.8,58.0,60.0,1,1,1,1
10.7,60.8,73.4,1,2,0,1
11.1,106.0,56.7,1,2,1,1
6.0,58.1,73.9,1,0,1,1
10.5,94.7,70.0,1,2,1,1
10.0,75.3,76.6,0,4,1,1
12.3,47.0,77.6,1,4,0,1
16.5,89.2,62.5,0,4,0,1
8.9,75.3,70.2,0,4,0,1
13.5,83.7,60.2,0,2,1,1
14.8,41.1,67.1,0,0,0,1
19.1,56.0,78.3,1,4,1,1
17.7,69.2,78.3,1,3,1,1
12.2,66.8,68.2,0,0,1,1
5.8,74.4,36.7,0,3,0,1
15.5,106.1,58.0,1,4,1,1
7.3,113.6,46.9,1,0,1,1
9.9,80.7,68.0,1,0,1,1
7.2,83.8,73.1,1,1,0,1
10.5,56.8,72.6,0,0,0,1
10.2,73.0,54.5,1,2,0,1
4.1,79.1,59.1,1,3,0,1
13.4,75.0,76.7,1,4,0,1
13.4,88.3,85.8,1,0,1,1
6.4,89.5,65.2,0,3,0,1
10.0,72.3,56.9,1,2,1,1
11.2,68.9,55.7,0,1,0,1
10.0,93.1,21.0,0,2,1,1
8.6,99.1,52.9,0,4,1,1
5.6,112.0,47.4,1,3,0,1
3.9,43.5,64.4,1,1,0,1
15.5,79.1,42.0,0,3,1,1
1.7,44.0,73.8,1,3,0,1
5.5,11.0,81.5,0,4,0,1
10.0,78.5,90.2,1,2,0,1
12.0,113.4,51.8,1,3,0,1
14.8,56.2,88.3,0,1,1,1
6.9,83.4,101.2,0,4,0,1
9.5,71.7,54.2,1,1,1,1
12.4,67.3,72.5,1,0,1,1
6.4,72.3,44.5,0,1,0,1
5.7,79.9,79.5,0,0,0,1
8.9,90.4,65.2,1,4,0,1
11.2,66.1,65.2,1,4,1,1
9.4,96.4,82.1,0,0,0,1
1.5,74.3,48.7,0,2,0,1
15.7,91.0,57.6,1,1,1,1
5.1,82.7,65.2,0,4,0,1
3.3,47.7,66.7,0,2,0,1
14.6,93.2,74.7,1,3,1,1
5.1,136.3,71.5,1,3,1,1
15.7,64.5,63.1,0,3,1,1
16.0,92.3,72.6,1,1,1,1
1.1,36.5,46.6,1,4,1,1
13.2,74.4,65.3,0,3,0,1
6.3,96.0,70.8,0,2,0,1
7.7,73.6,71.9,1,0,1,1
10.3,48.0,52.9,0,2,1,1
6.2,50.9,61.5,1,4,1,1
18.9,60.8,67.4,0,1,1,1
8.9,51.9,51.6,0,0,1,1
9.6,80.9,63.6,1,2,0,1
9.7,99.8,80.7,1,3,1,1
8.8,81.9,63.5,1,4,0,1
10.0,104.9,76.0,0,1,1,1
10.4,66.2,74.1,1,2,1,1
3.0,66.2,59.5,0,1,1,1
5.9,90.6,73.9,0,2,0,1
5.1,91.2,52.4,1,2,1,1
-5.5,70.1,58.8,1,1,0,1
9.1,75.3,53.1,1,2,1,1
0.9,75.3,63.1,1,1,0,1
9.4,89.0,76.1,1,0,0,1
0.5,61.2,85.7,0,2,0,1
14.5,52.5,83.8,1,0,1,1
7.7,85.9,71.7,1,4,0,1
7.3,82.0,36.2,1,2,0,1
11.2,58.1,65.2,0,3,0,1
12.8,47.8,48.2,0,0,0,1
14.8,59.6,69.3,1,1,0,1
13.3,95.0,70.8,1,4,1,1
14.8,84.9,92.2,0,0,0,1
10.0,83.4,48.8,0,1,0,1
14.2,89.3,72.2,0,4,1,1
13.9,62.5,74.3,0,3,0,1
13.7,92.0,58.8,0,3,1,1
10.4,68.3,93.1,1,3,0,1
8.6,75.3,37.5,1,1,1,1
-0.0,79.9,69.3,1,2,0,1
5.8,64.6,38.6,0,0,1,1
9.9,114.1,68.2,1,4,1,1
11.2,91.2,92.2,1,4,0,1
15.6,37.6,37.2,1,2,1,1
5.7,66.1,64.7,0,1,0,1
-4.0,60.6,67.8,1,4,1,1
14.5,72.3,79.1,1,0,0,1
17.5,75.3,63.2,0,3,1,1
8.6,84.9,91.4,1,4,0,1
10.0,115.2,42.7,1,3,0,1
6.3,69.3,65.2,1,2,0,1
9.6,68.0,70.2,1,0,1,1
11.3,105.6,65.2,1,1,1,1
10.7,75.3,70.0,1,1,0,1
1.5,44.3,71.8,1,0,1,1
9.5,71.8,83.6,1,1,0,1
11.0,103.9,85.3,1,3,0,1
5.3,75.3,50.4,1,0,1,1
5.4,90.0,102.2,1,0,1,1
4.3,67.0,57.8,0,1,0,1
7.6,101.2,37.8,1,1,1,1
6.5,75.3,70.2,1,2,0,1
9.2,49.9,72.9,1,2,1,1
3.6,107.1,69.7,0,4,0,1
8.8,59.9,66.0,1,4,1,1
5.5,76.1,46.0,0,0,0,1
7.2,69.7,61.6,0,0,0,1
12.3,60.5,65.1,0,0,1,1
7.0,57.8,75.7,0,2,1,1
11.0,73.2,43.7,0,3,1,1
8.7,53.5,56.0,1,1,1,1
8.0,89.7,72.1,1,1,1,1
16.3,49.5,65.2,0,4,0,1
14.8,77.1,57.5,1,1,0,1
16.9,96.7,57.7,1,4,1,1
8.7,83.0,53.0,0,3,0,1
6.6,97.5,59.2,1,2,1,1
11.0,56.3,64.9,1,0,1,1
5.6,58.1,28.9,0,4,1,1
14.3,150.0,71.6,0,4,1,1
5.6,79.3,82.2,0,1,0,1
5.1,51.7,34.8,0,1,0,1
4.7,50.0,84.6,0,3,0,1
5.2,85.3,73.1,0,2,0,1
20.0,85.9,67.8,0,3,0,1
13.8,54.4,71.4,0,4,0,1
12.1,70.4,70.0,1,0,0,1
6.6,111.5,61.2,0,1,0,1
5.8,34.6,58.5,1,3,0,1
18.1,64.0,49.8,1,3,1,1
8.8,56.1,72.2,0,1,1,1
15.8,68.6,62.3,1,0,0,1
11.1,56.7,53.5,1,4,1,1
10.0,96.3,83.7,1,2,0,1
3.0,56.5,48.9,0,0,0,1
10.0,89.3,76.5,0,4,1,1
8.9,82.0,67.4,0,2,0,1
9.9,78.2,83.0,1,2,1,1
6.7,93.2,73.0,1,0,0,1
15.0,100.4,65.1,0,3,0,1
10.0,73.1,38.6,0,4,0,1
16.3,91.5,64.6,1,3,0,1
12.1,102.7,72.9,1,3,1,1
5.8,150.0,81.9,0,1,0,1
7.9,70.7,41.6,0,1,1,1
8.4,80.7,36.2,1,1,0,1
13.9,57.9,65.2,0,0,0,1
14.1,82.2,63.0,1,0,0,1
10.0,92.8,62.2,1,0,1,1
1.8,108.4,55.5,1,0,1,1
9.5,67.4,66.8,1,4,0,1
9.2,67.8,91.2,1,3,0,1
8.2,79.4,47.1,1,3,0,1
7.5,60.2,84.5,0,3,1,1
3.8,56.9,62.7,1,0,1,1
15.0,77.7,65.3,1,3,0,1
12.4,88.1,87.4,0,1,1,1
6.6,74.1,96.5,0,0,1,1
5.8,71.2,77.1,1,1,1,1
12.7,34.9,65.8,0,3,1,1
10.0,67.5,76.3,1,4,0,1
9.8,52.4,39.2,0,1,1,1
8.4,75.3,83.4,1,2,0,1
4.0,75.3,71.1,1,4,1,1
3.6,77.4,76.8,0,2,0,1
12.3,64.9,82.0,0,0,0,1
17.2,77.1,66.7,1,4,1,1
7.3,87.3,62.6,0,4,0,1
9.7,86.7,74.2,1,2,0,1
12.7,62.2,68.0,0,1,1,1
8.4,99.9,67.6,0,3,1,1
9.2,73.1,65.2,1,1,1,1
7.3,150.0,81.6,0,4,1,1
10.7,62.7,62.9,1,1,0,1
9.9,98.8,66.0,0,0,1,1
10.4,63.4,79.2,0,1,1,1
10.8,52.9,65.2,0,0,1,1
3.7,79.4,88.0,1,4,1,1
-3.5,62.5,73.2,0,2,0,1
6.5,90.8,78.0,1,2,0,1
15.5,88.7,73.9,0,2,1,1
11.4,99.3,63.3,1,1,1,1
16.7,81.4,44.6,1,3,0,1
7.6,83.5,51.5,1,2,0,1
4.3,65.0,86.4,1,0,0,1
4.4,83.0,71.9,1,3,1,1
5.2,78.9,46.2,0,3,1,1
5.8,83.6,74.2,0,2,1,1
17.5,57.9,78.6,1,0,1,1
3.3,63.7,64.8,0,4,0,1
8.6,61.7,62.4,0,2,1,1
11.5,82.0,64.0,0,2,1,1
9.5,111.0,79.5,0,0,1,1
13.1,75.3,60.3,0,2,0,1
6.5,102.3,51.0,0,1,0,1
5.2,58.9,81.7,1,1,1,1
9.4,89.3,57.4,1,2,1,1
14.3,54.2,96.8,0,1,1,1
13.1,119.5,62.0,0,0,1,1
8.2,89.0,49.5,0,2,0,1
10.0,37.6,43.3,1,3,0,1
10.0,57.4,60.3,0,2,0,1
0.0,104.3,73.1,0,2,1,1
7.5,75.3,80.5,1,4,0,1
14.8,78.7,72.6,1,2,0,1
19.7,85.9,65.5,1,1,0,1
5.8,70.6,47.3,0,3,1,1
10.3,76.1,44.7,0,1,1,1
4.7,103.4,63.0,0,2,1,1
6.0,49.0,72.4,0,4,0,1
10.0,74.0,77.7,1,4,0,1
3.0,85.3,80.5,1,2,1,1
12.1,75.3,56.8,0,3,1,1
7.7,94.9,62.9,1,1,1,1
-0.7,75.3,65.2,1,0,0,1
8.5,75.3,42.0,0,2,0,1
12.3,43.3,82.9,0,0,0,1
10.0,43.8,69.6,1,4,0,1
9.5,85.0,77.9,0,0,0,1
11.2,91.2,62.0,0,3,1,1
7.5,72.6,47.7,0,1,0,1
8.9,106.0,74.0,1,0,0,1
11.6,108.5,64.1,1,3,1,1
10.9,104.8,65.0,0,1,1,1
2.2,75.3,55.6,0,4,1,1
17.7,75.3,59.5,0,4,1,1
12.0,54.8,45.1,0,1,0,1
15.0,74.9,75.4,0,4,1,1
8.2,43.3,67.6,0,0,1,1
7.1,75.5,85.4,0,3,1,1
13.5,74.8,60.4,0,3,0,1
7.1,95.7,55.0,0,1,0,1
5.2,73.1,49.2,1,0,0,1
6.9,32.6,43.6,1,4,0,1
12.1,71.7,83.3,0,2,0,1
-0.8,61.2,85.1,0,1,0,1
15.9,83.8,61.8,0,3,0,1
13.7,86.7,87.8,0,0,1,1
11.2,87.0,74.3,0,1,1,1
18.7,65.5,64.3,1,1,0,1
10.0,57.0,50.2,1,2,1,1
19.3,85.5,47.7,1,2,0,1
14.5,56.8,101.4,0,3,0,1
12.3,73.2,57.5,1,1,1,1
7.7,65.2,67.7,0,2,0,1
9.7,79.6,74.7,0,0,0,1
1.3,89.9,72.0,0,4,0,1
16.5,74.3,72.5,1,2,0,1
7.2,62.1,63.0,0,2,1,1
6.9,62.4,87.6,0,2,1,1
9.7,52.2,87.4,1,1,1,1
10.9,54.7,57.7,0,3,1,1
14.6,150.0,88.4,0,2,0,1
14.8,75.3,62.9,1,4,1,1
5.1,98.7,62.3,0,4,1,1
10.8,106.8,45.9,0,3,0,1
15.9,45.0,69.6,0,1,1,1
7.2,93.5,42.0,0,1,1,1
6.7,51.8,65.4,0,1,0,1
23.5,94.4,36.8,1,3,1,1
7.4,66.3,58.8,1,1,0,1
4.7,82.3,60.3,0,0,0,1
18.2,65.6,56.9,0,2,0,1
18.8,75.3,60.1,1,4,0,1
5.9,79.5,76.4,1,1,1,1
0.8,78.0,60.6,1,1,1,1
12.8,93.9,73.9,0,4,0,1
15.0,84.0,61.3,1,2,0,1
14.9,67.4,81.9,0,1,1,1
5.6,109.7,51.2,0,0,0,1
